appointment_id,patient_id,specialty,department,booking_date,booking_hour,appointment_date,appointment_hour,reason,doctor_id,no_show,wait_time_mins,consultation_mins,insurance_type,patient_age_group
APT00001,PAT09076,Gynecology,Specialist Clinic,2025-09-03,18,2025-09-08,13,Preventive screening,DR149,0,54,35,Self-pay,51-65
APT00002,PAT05643,ENT,Wellness Center,2025-08-02,9,2025-08-16,15,Routine checkup,DR174,1,29,0,Self-pay,65+
APT00003,PAT08666,Pediatrics,Wellness Center,2025-08-16,12,2025-08-17,9,Follow-up,DR145,0,42,37,Government,36-50
APT00004,PAT03858,ENT,Emergency,2025-12-28,13,2026-01-06,14,Preventive screening,DR191,0,60,14,Private,36-50
APT00005,PAT08729,Ophthalmology,Emergency,2025-07-21,17,2025-07-23,17,Chronic disease management,DR133,0,18,32,Private,65+
APT00006,PAT01483,ENT,Emergency,2025-10-25,11,2025-10-31,10,Routine checkup,DR163,1,53,0,Corporate,36-50
APT00007,PAT03850,Dermatology,Wellness Center,2025-04-29,14,2025-05-12,10,Routine checkup,DR178,1,26,0,Self-pay,0-18
APT00008,PAT01482,Pediatrics,Emergency,2025-02-07,13,2025-02-15,10,Preventive screening,DR148,0,18,30,Government,19-35
APT00009,PAT04694,Ophthalmology,Emergency,2025-05-10,10,2025-05-18,15,Chronic disease management,DR124,0,15,28,Self-pay,0-18
APT00010,PAT06891,Orthopedics,Wellness Center,2025-04-15,17,2025-04-16,17,Routine checkup,DR143,0,21,31,Corporate,19-35
APT00011,PAT06840,Ophthalmology,Emergency,2025-04-17,9,2025-04-27,16,Preventive screening,DR180,0,34,37,Self-pay,65+
APT00012,PAT09170,Gynecology,Emergency,2025-02-10,8,2025-02-13,17,Acute illness,DR102,0,24,36,Private,36-50
APT00013,PAT03586,Pediatrics,Specialist Clinic,2025-07-19,9,2025-07-31,17,Chronic disease management,DR130,1,43,0,Private,51-65
APT00014,PAT05309,Cardiology,OPD,2025-11-13,8,2025-11-14,14,Preventive screening,DR133,0,22,20,Self-pay,19-35
APT00015,PAT02021,Pediatrics,Emergency,2025-04-15,15,2025-04-24,10,Chronic disease management,DR178,0,54,36,Self-pay,36-50
APT00016,PAT08844,Cardiology,Emergency,2025-02-06,12,2025-02-13,9,Routine checkup,DR104,0,41,26,Government,36-50
APT00017,PAT04731,Gynecology,OPD,2025-08-09,8,2025-08-17,9,Follow-up,DR168,0,48,37,Corporate,0-18
APT00018,PAT07180,General Medicine,Emergency,2025-10-10,14,2025-10-18,15,Chronic disease management,DR117,0,17,24,Self-pay,65+
APT00019,PAT01949,Dermatology,Emergency,2025-07-08,11,2025-07-14,10,Chronic disease management,DR101,0,24,23,Self-pay,0-18
APT00020,PAT03076,General Medicine,Wellness Center,2025-05-08,10,2025-05-22,13,Routine checkup,DR140,1,32,0,Government,36-50
APT00021,PAT03005,ENT,OPD,2025-03-08,9,2025-03-18,13,Chronic disease management,DR126,0,41,32,Private,19-35
APT00022,PAT05795,Gynecology,Emergency,2025-08-16,16,2025-08-28,13,Acute illness,DR189,0,44,26,Self-pay,0-18
APT00023,PAT04335,Ophthalmology,Emergency,2025-06-27,16,2025-07-04,12,Acute illness,DR194,0,45,16,Self-pay,36-50
APT00024,PAT08434,Dermatology,OPD,2025-03-14,8,2025-03-15,16,Routine checkup,DR134,0,27,28,Corporate,36-50
APT00025,PAT07290,Gynecology,Wellness Center,2025-02-13,8,2025-02-14,15,Preventive screening,DR156,0,12,17,Government,51-65
APT00026,PAT05999,ENT,OPD,2025-04-05,16,2025-04-16,14,Routine checkup,DR177,0,58,38,Private,36-50
APT00027,PAT08111,General Medicine,Wellness Center,2025-10-30,8,2025-11-03,10,Chronic disease management,DR149,0,56,39,Private,65+
APT00028,PAT07247,Gynecology,Wellness Center,2025-08-26,11,2025-09-02,11,Routine checkup,DR135,0,53,40,Private,0-18
APT00029,PAT07465,Gynecology,OPD,2025-05-08,17,2025-05-21,13,Acute illness,DR134,0,52,18,Self-pay,0-18
APT00030,PAT03929,Pediatrics,Wellness Center,2025-06-07,15,2025-06-17,9,Preventive screening,DR101,0,39,11,Private,51-65
APT00031,PAT02303,Dermatology,Specialist Clinic,2025-11-23,17,2025-12-07,17,Acute illness,DR108,0,38,15,Private,36-50
APT00032,PAT03858,Ophthalmology,Emergency,2025-05-13,17,2025-05-27,9,Follow-up,DR114,1,51,0,Self-pay,19-35
APT00033,PAT01687,Ophthalmology,Emergency,2025-12-17,8,2025-12-26,13,Acute illness,DR102,0,53,37,Private,65+
APT00034,PAT02269,Dermatology,Wellness Center,2025-01-23,9,2025-02-02,17,Routine checkup,DR130,0,23,20,Private,51-65
APT00035,PAT03344,ENT,OPD,2025-02-06,13,2025-02-17,14,Acute illness,DR152,0,51,21,Corporate,36-50
APT00036,PAT05765,Orthopedics,Emergency,2025-11-15,17,2025-11-16,9,Routine checkup,DR177,0,23,35,Private,65+
APT00037,PAT07206,Pediatrics,OPD,2025-09-18,18,2025-10-01,11,Preventive screening,DR197,0,51,12,Self-pay,19-35
APT00038,PAT02986,ENT,OPD,2025-10-17,17,2025-10-26,16,Chronic disease management,DR166,0,38,20,Private,19-35
APT00039,PAT06930,Dermatology,Emergency,2025-10-22,15,2025-10-27,14,Routine checkup,DR188,0,25,24,Corporate,36-50
APT00040,PAT08932,Cardiology,Emergency,2025-02-10,15,2025-02-16,15,Follow-up,DR172,0,18,39,Government,51-65
APT00041,PAT05700,Orthopedics,Specialist Clinic,2025-12-12,13,2025-12-22,10,Routine checkup,DR152,0,36,26,Government,65+
APT00042,PAT08439,Dermatology,OPD,2025-09-11,10,2025-09-22,10,Preventive screening,DR133,0,58,27,Corporate,0-18
APT00043,PAT01392,General Medicine,Emergency,2025-03-06,9,2025-03-20,11,Chronic disease management,DR167,0,34,38,Corporate,36-50
APT00044,PAT02950,Dermatology,Specialist Clinic,2025-03-07,13,2025-03-14,10,Routine checkup,DR109,0,57,39,Private,51-65
APT00045,PAT08138,Ophthalmology,Specialist Clinic,2025-07-29,15,2025-08-09,11,Follow-up,DR192,0,59,28,Self-pay,19-35
APT00046,PAT08430,Pediatrics,Wellness Center,2025-01-04,13,2025-01-14,16,Follow-up,DR165,0,56,28,Private,0-18
APT00047,PAT09481,Ophthalmology,Wellness Center,2025-04-29,12,2025-05-04,14,Preventive screening,DR140,0,58,15,Government,0-18
APT00048,PAT06150,Gynecology,OPD,2025-04-18,13,2025-04-25,13,Follow-up,DR115,0,28,18,Corporate,51-65
APT00049,PAT05250,Gynecology,OPD,2025-04-25,11,2025-04-28,13,Follow-up,DR112,0,23,27,Government,0-18
APT00050,PAT01422,Dermatology,Specialist Clinic,2025-11-03,11,2025-11-04,13,Chronic disease management,DR154,1,56,0,Corporate,65+
APT00051,PAT02795,Ophthalmology,OPD,2025-03-06,15,2025-03-20,15,Preventive screening,DR133,0,15,37,Government,36-50
APT00052,PAT04644,Pediatrics,OPD,2025-12-09,13,2025-12-11,11,Chronic disease management,DR142,0,27,24,Self-pay,36-50
APT00053,PAT09540,Cardiology,Specialist Clinic,2025-01-20,11,2025-01-27,17,Routine checkup,DR181,0,50,10,Government,19-35
APT00054,PAT05346,Dermatology,Wellness Center,2025-10-28,10,2025-11-04,16,Follow-up,DR193,0,41,19,Government,19-35
APT00055,PAT02102,Dermatology,Wellness Center,2025-11-22,16,2025-11-24,12,Follow-up,DR104,1,36,0,Private,65+
APT00056,PAT08933,Dermatology,Emergency,2025-07-14,12,2025-07-25,12,Acute illness,DR185,0,41,25,Corporate,65+
APT00057,PAT04586,Ophthalmology,OPD,2025-07-02,12,2025-07-11,15,Preventive screening,DR141,0,25,31,Corporate,0-18
APT00058,PAT06694,Pediatrics,Wellness Center,2025-04-01,10,2025-04-09,16,Preventive screening,DR176,0,36,31,Government,0-18
APT00059,PAT07701,Dermatology,OPD,2025-05-29,16,2025-06-03,14,Acute illness,DR186,0,30,23,Corporate,51-65
APT00060,PAT05396,Gynecology,Wellness Center,2025-08-06,11,2025-08-13,14,Routine checkup,DR139,0,38,23,Government,65+
APT00061,PAT02807,Dermatology,Specialist Clinic,2025-03-27,10,2025-04-05,17,Routine checkup,DR192,0,11,35,Corporate,0-18
APT00062,PAT02039,Pediatrics,OPD,2025-12-27,16,2026-01-02,12,Acute illness,DR168,0,22,15,Corporate,19-35
APT00063,PAT06431,Orthopedics,Wellness Center,2025-05-29,11,2025-06-11,17,Follow-up,DR101,0,12,37,Self-pay,65+
APT00064,PAT01692,ENT,Emergency,2025-02-22,12,2025-03-03,13,Routine checkup,DR129,0,50,34,Government,0-18
APT00065,PAT07190,Cardiology,Wellness Center,2025-05-20,10,2025-06-01,13,Routine checkup,DR109,0,14,26,Corporate,0-18
APT00066,PAT07408,Orthopedics,Emergency,2025-01-08,17,2025-01-20,13,Acute illness,DR154,1,42,0,Self-pay,36-50
APT00067,PAT08723,Dermatology,Wellness Center,2025-05-21,12,2025-05-29,15,Routine checkup,DR128,1,36,0,Private,51-65
APT00068,PAT09143,Dermatology,Wellness Center,2025-05-26,13,2025-06-07,17,Routine checkup,DR157,0,24,28,Self-pay,51-65
APT00069,PAT02785,Pediatrics,Specialist Clinic,2025-04-29,13,2025-05-07,11,Routine checkup,DR112,0,45,15,Government,51-65
APT00070,PAT08758,Cardiology,Emergency,2025-10-31,8,2025-11-04,16,Acute illness,DR152,0,29,33,Private,19-35
APT00071,PAT05393,ENT,Emergency,2025-01-19,16,2025-01-25,16,Chronic disease management,DR163,0,30,40,Government,36-50
APT00072,PAT02334,Ophthalmology,OPD,2025-08-25,14,2025-09-06,10,Preventive screening,DR116,0,58,10,Government,65+
APT00073,PAT02862,Dermatology,OPD,2025-03-04,14,2025-03-07,16,Follow-up,DR180,0,43,25,Government,65+
APT00074,PAT08134,General Medicine,Specialist Clinic,2025-08-03,18,2025-08-10,13,Chronic disease management,DR141,0,49,38,Private,65+
APT00075,PAT04349,Orthopedics,Specialist Clinic,2025-11-29,16,2025-12-02,13,Preventive screening,DR159,0,23,39,Private,19-35
APT00076,PAT07820,Ophthalmology,Emergency,2025-03-26,10,2025-04-04,16,Routine checkup,DR100,1,29,0,Government,19-35
APT00077,PAT02001,Ophthalmology,Wellness Center,2025-12-22,17,2025-12-24,11,Routine checkup,DR144,0,50,27,Government,36-50
APT00078,PAT07982,Dermatology,Specialist Clinic,2025-11-18,13,2025-11-19,15,Acute illness,DR171,0,44,30,Government,0-18
APT00079,PAT05587,Cardiology,Emergency,2025-10-31,12,2025-11-03,10,Follow-up,DR166,0,47,30,Corporate,36-50
APT00080,PAT08756,Gynecology,Emergency,2025-10-22,10,2025-11-04,9,Follow-up,DR127,0,15,39,Government,19-35
APT00081,PAT01855,General Medicine,Emergency,2025-03-26,16,2025-04-03,16,Preventive screening,DR185,0,40,20,Private,65+
APT00082,PAT07316,ENT,Wellness Center,2025-03-02,13,2025-03-06,13,Chronic disease management,DR140,0,43,12,Government,19-35
APT00083,PAT08163,Gynecology,Wellness Center,2025-11-21,15,2025-12-05,13,Routine checkup,DR171,0,37,30,Private,19-35
APT00084,PAT06668,Pediatrics,Wellness Center,2025-01-13,11,2025-01-27,17,Follow-up,DR148,0,33,15,Self-pay,19-35
APT00085,PAT06085,Dermatology,Specialist Clinic,2025-08-15,9,2025-08-21,14,Acute illness,DR164,1,10,0,Private,0-18
APT00086,PAT05145,Ophthalmology,Specialist Clinic,2025-11-28,18,2025-12-03,9,Chronic disease management,DR103,0,55,39,Corporate,65+
APT00087,PAT09938,Ophthalmology,OPD,2025-11-20,8,2025-11-28,14,Routine checkup,DR178,0,55,14,Government,19-35
APT00088,PAT02021,Cardiology,Specialist Clinic,2025-02-12,9,2025-02-19,17,Acute illness,DR124,1,51,0,Self-pay,36-50
APT00089,PAT03772,Pediatrics,Specialist Clinic,2025-12-11,16,2025-12-25,9,Preventive screening,DR153,0,52,31,Self-pay,0-18
APT00090,PAT02375,Orthopedics,Emergency,2025-04-09,15,2025-04-23,9,Acute illness,DR177,0,22,32,Corporate,19-35
APT00091,PAT06745,General Medicine,OPD,2025-11-22,13,2025-12-04,16,Chronic disease management,DR189,0,15,28,Corporate,0-18
APT00092,PAT04041,Orthopedics,Specialist Clinic,2025-03-01,17,2025-03-03,9,Follow-up,DR101,0,23,30,Private,51-65
APT00093,PAT04130,Dermatology,Emergency,2025-02-11,12,2025-02-23,9,Preventive screening,DR190,0,28,15,Private,19-35
APT00094,PAT04084,ENT,Specialist Clinic,2025-10-17,11,2025-10-23,11,Acute illness,DR133,0,54,24,Private,0-18
APT00095,PAT09569,Pediatrics,Wellness Center,2025-09-08,18,2025-09-14,11,Routine checkup,DR174,0,34,14,Government,51-65
APT00096,PAT09253,Gynecology,Specialist Clinic,2025-06-27,9,2025-07-08,17,Follow-up,DR133,0,23,24,Private,0-18
APT00097,PAT08655,Orthopedics,Specialist Clinic,2025-03-01,13,2025-03-10,15,Chronic disease management,DR104,0,30,32,Self-pay,36-50
APT00098,PAT06516,ENT,OPD,2025-01-05,10,2025-01-08,14,Acute illness,DR120,0,39,27,Government,0-18
APT00099,PAT08126,Ophthalmology,Wellness Center,2025-08-13,15,2025-08-26,12,Acute illness,DR192,0,33,29,Private,51-65
APT00100,PAT04838,Gynecology,OPD,2025-12-14,14,2025-12-21,15,Acute illness,DR173,1,35,0,Self-pay,19-35
APT00101,PAT09586,Gynecology,Emergency,2025-09-20,17,2025-09-23,11,Follow-up,DR184,0,31,35,Self-pay,0-18
APT00102,PAT08515,Orthopedics,Wellness Center,2025-06-08,10,2025-06-21,16,Routine checkup,DR184,0,19,16,Government,36-50
APT00103,PAT04331,Orthopedics,Wellness Center,2025-06-07,9,2025-06-09,12,Follow-up,DR187,0,45,37,Private,0-18
APT00104,PAT07456,Pediatrics,Emergency,2025-09-02,15,2025-09-05,15,Preventive screening,DR190,1,25,0,Self-pay,51-65
APT00105,PAT06359,Orthopedics,Specialist Clinic,2025-03-07,18,2025-03-13,15,Chronic disease management,DR150,0,44,12,Private,51-65
APT00106,PAT03918,General Medicine,Emergency,2025-12-09,13,2025-12-21,14,Acute illness,DR164,0,10,29,Corporate,0-18
APT00107,PAT01724,Orthopedics,Emergency,2025-11-27,12,2025-12-01,15,Routine checkup,DR143,0,34,30,Government,51-65
APT00108,PAT08875,Gynecology,OPD,2025-03-19,12,2025-03-24,15,Follow-up,DR120,0,35,31,Self-pay,51-65
APT00109,PAT07626,Cardiology,OPD,2025-02-12,10,2025-02-18,14,Follow-up,DR173,0,42,22,Corporate,0-18
APT00110,PAT01893,ENT,Specialist Clinic,2025-09-06,14,2025-09-17,13,Routine checkup,DR177,0,38,26,Private,51-65
APT00111,PAT03930,Pediatrics,Wellness Center,2025-12-31,16,2026-01-06,15,Routine checkup,DR119,1,10,0,Private,65+
APT00112,PAT08614,Ophthalmology,Specialist Clinic,2025-05-13,8,2025-05-17,10,Preventive screening,DR158,0,33,11,Private,36-50
APT00113,PAT01385,Gynecology,Specialist Clinic,2025-08-06,10,2025-08-12,13,Acute illness,DR153,0,11,24,Private,36-50
APT00114,PAT01599,Cardiology,Wellness Center,2025-11-22,11,2025-11-23,11,Routine checkup,DR168,0,16,14,Government,51-65
APT00115,PAT04999,Pediatrics,Wellness Center,2025-08-09,8,2025-08-14,10,Acute illness,DR147,0,12,14,Self-pay,51-65
APT00116,PAT05947,Cardiology,Wellness Center,2025-09-20,14,2025-10-02,9,Follow-up,DR195,0,26,33,Self-pay,51-65
APT00117,PAT05967,Dermatology,Emergency,2025-03-01,8,2025-03-14,14,Chronic disease management,DR160,0,23,34,Corporate,36-50
APT00118,PAT01749,Orthopedics,Wellness Center,2025-12-19,10,2026-01-01,13,Acute illness,DR100,0,36,16,Self-pay,51-65
APT00119,PAT06212,Gynecology,OPD,2025-12-03,11,2025-12-06,12,Routine checkup,DR190,0,30,17,Self-pay,65+
APT00120,PAT06386,Ophthalmology,Wellness Center,2025-05-28,15,2025-06-09,17,Routine checkup,DR143,0,31,20,Private,51-65
APT00121,PAT03785,Ophthalmology,Wellness Center,2025-03-19,12,2025-03-27,15,Routine checkup,DR184,0,46,40,Self-pay,51-65
APT00122,PAT09676,Cardiology,Specialist Clinic,2025-10-15,12,2025-10-21,13,Acute illness,DR157,0,53,24,Self-pay,19-35
APT00123,PAT08070,Orthopedics,Wellness Center,2025-11-16,8,2025-11-26,13,Chronic disease management,DR195,0,41,17,Corporate,65+
APT00124,PAT04576,Cardiology,Emergency,2025-03-09,9,2025-03-16,13,Follow-up,DR120,0,59,34,Corporate,65+
APT00125,PAT05569,Dermatology,Specialist Clinic,2025-07-29,13,2025-08-04,10,Acute illness,DR164,0,44,27,Corporate,19-35
APT00126,PAT08363,Ophthalmology,Emergency,2025-07-26,10,2025-08-03,15,Acute illness,DR100,0,44,36,Private,51-65
APT00127,PAT07850,Cardiology,Wellness Center,2025-12-02,14,2025-12-05,12,Routine checkup,DR179,0,24,14,Self-pay,65+
APT00128,PAT06325,ENT,Emergency,2025-10-20,10,2025-11-01,16,Routine checkup,DR147,0,11,33,Corporate,65+
APT00129,PAT03644,Dermatology,Wellness Center,2025-09-19,13,2025-10-03,12,Follow-up,DR160,0,55,39,Government,36-50
APT00130,PAT04391,Cardiology,Wellness Center,2025-03-09,15,2025-03-14,12,Chronic disease management,DR156,0,25,35,Government,51-65
APT00131,PAT06427,Cardiology,Emergency,2025-09-14,11,2025-09-25,16,Routine checkup,DR100,0,57,11,Corporate,65+
APT00132,PAT07833,ENT,Specialist Clinic,2025-08-29,16,2025-09-12,10,Chronic disease management,DR182,1,44,0,Self-pay,51-65
APT00133,PAT07527,General Medicine,OPD,2025-09-04,13,2025-09-18,15,Chronic disease management,DR180,0,51,24,Corporate,0-18
APT00134,PAT02831,Gynecology,Emergency,2025-02-23,13,2025-02-26,15,Acute illness,DR118,0,25,35,Corporate,19-35
APT00135,PAT02213,Pediatrics,Wellness Center,2025-05-16,15,2025-05-18,12,Acute illness,DR143,0,28,32,Corporate,36-50
APT00136,PAT01585,Gynecology,Emergency,2025-08-19,10,2025-08-31,17,Acute illness,DR103,0,24,38,Private,65+
APT00137,PAT03593,Gynecology,Specialist Clinic,2025-07-05,15,2025-07-17,16,Acute illness,DR119,0,57,35,Government,19-35
APT00138,PAT04734,ENT,OPD,2025-11-08,11,2025-11-13,13,Follow-up,DR174,0,10,18,Private,65+
APT00139,PAT03791,Ophthalmology,Specialist Clinic,2025-09-22,18,2025-09-29,11,Chronic disease management,DR164,0,30,26,Private,51-65
APT00140,PAT08897,Orthopedics,Emergency,2025-09-06,15,2025-09-17,15,Routine checkup,DR185,0,14,20,Government,36-50
APT00141,PAT02959,Orthopedics,Emergency,2025-04-16,13,2025-04-20,16,Preventive screening,DR172,0,50,39,Self-pay,65+
APT00142,PAT01538,Dermatology,Wellness Center,2025-04-27,18,2025-05-09,10,Acute illness,DR164,0,14,18,Self-pay,0-18
APT00143,PAT03993,Dermatology,Emergency,2025-08-17,11,2025-08-27,16,Follow-up,DR105,0,48,18,Private,0-18
APT00144,PAT03171,Cardiology,Specialist Clinic,2025-04-08,8,2025-04-20,12,Follow-up,DR131,0,47,34,Corporate,51-65
APT00145,PAT02196,General Medicine,Emergency,2025-02-20,15,2025-03-01,10,Preventive screening,DR110,0,40,16,Self-pay,65+
APT00146,PAT01157,Ophthalmology,Wellness Center,2025-10-29,9,2025-11-02,16,Follow-up,DR175,0,50,29,Corporate,0-18
APT00147,PAT09070,ENT,Emergency,2025-05-09,13,2025-05-22,17,Preventive screening,DR165,0,28,40,Private,36-50
APT00148,PAT09242,Pediatrics,Specialist Clinic,2025-09-30,18,2025-10-04,16,Routine checkup,DR196,0,21,25,Self-pay,36-50
APT00149,PAT02074,Ophthalmology,Wellness Center,2025-09-18,18,2025-09-26,13,Routine checkup,DR156,0,31,30,Government,19-35
APT00150,PAT09221,Dermatology,Specialist Clinic,2025-02-25,13,2025-03-10,17,Preventive screening,DR113,1,53,0,Private,65+
APT00151,PAT04144,Orthopedics,Wellness Center,2025-04-18,10,2025-04-28,11,Chronic disease management,DR184,0,20,20,Corporate,65+
APT00152,PAT05306,Gynecology,Wellness Center,2025-08-02,12,2025-08-15,14,Follow-up,DR139,0,31,33,Private,36-50
APT00153,PAT07834,ENT,OPD,2025-08-19,14,2025-08-24,9,Preventive screening,DR145,0,51,35,Government,51-65
APT00154,PAT05193,Dermatology,Specialist Clinic,2025-05-21,13,2025-05-22,9,Acute illness,DR154,1,60,0,Corporate,36-50
APT00155,PAT09240,Dermatology,Wellness Center,2025-10-13,12,2025-10-22,10,Routine checkup,DR131,0,20,20,Corporate,65+
APT00156,PAT08979,ENT,Emergency,2025-08-29,12,2025-08-30,15,Routine checkup,DR112,0,13,30,Private,36-50
APT00157,PAT02819,Ophthalmology,Wellness Center,2025-10-03,10,2025-10-09,10,Acute illness,DR199,0,56,23,Government,19-35
APT00158,PAT08180,Dermatology,Emergency,2025-10-29,13,2025-11-03,17,Acute illness,DR171,0,43,36,Private,0-18
APT00159,PAT06143,Cardiology,Specialist Clinic,2025-03-13,15,2025-03-26,12,Follow-up,DR141,0,39,17,Corporate,36-50
APT00160,PAT01379,Gynecology,Emergency,2025-06-20,9,2025-06-24,15,Preventive screening,DR150,0,41,35,Self-pay,65+
APT00161,PAT08163,Pediatrics,OPD,2025-01-31,16,2025-02-09,14,Chronic disease management,DR162,1,28,0,Private,0-18
APT00162,PAT02840,Cardiology,Emergency,2025-02-08,16,2025-02-18,10,Chronic disease management,DR159,0,49,30,Government,0-18
APT00163,PAT03493,Gynecology,Specialist Clinic,2025-12-17,9,2025-12-24,11,Chronic disease management,DR143,0,39,26,Corporate,0-18
APT00164,PAT07388,Gynecology,OPD,2025-07-25,8,2025-08-04,12,Acute illness,DR154,1,19,0,Private,19-35
APT00165,PAT04282,Pediatrics,Specialist Clinic,2025-10-27,17,2025-11-07,11,Follow-up,DR198,0,19,16,Private,19-35
APT00166,PAT09848,General Medicine,Specialist Clinic,2025-02-21,9,2025-02-22,14,Acute illness,DR129,0,52,16,Government,36-50
APT00167,PAT04559,Gynecology,Specialist Clinic,2025-03-25,8,2025-04-01,11,Preventive screening,DR115,0,34,10,Corporate,19-35
APT00168,PAT04254,Ophthalmology,Emergency,2025-07-14,14,2025-07-15,10,Routine checkup,DR122,0,42,39,Self-pay,19-35
APT00169,PAT06871,Ophthalmology,Specialist Clinic,2025-04-18,14,2025-04-20,12,Follow-up,DR111,0,42,21,Corporate,36-50
APT00170,PAT07226,Ophthalmology,Wellness Center,2025-09-18,14,2025-09-20,10,Acute illness,DR146,1,29,0,Self-pay,51-65
APT00171,PAT02383,Dermatology,Wellness Center,2025-11-30,15,2025-12-05,9,Acute illness,DR193,0,51,38,Private,0-18
APT00172,PAT01151,Dermatology,Emergency,2025-03-14,16,2025-03-28,11,Follow-up,DR188,1,40,0,Self-pay,0-18
APT00173,PAT05801,Dermatology,Specialist Clinic,2025-11-02,17,2025-11-15,15,Follow-up,DR153,0,21,15,Government,19-35
APT00174,PAT04343,Orthopedics,Specialist Clinic,2025-07-06,14,2025-07-08,14,Acute illness,DR179,1,30,0,Self-pay,0-18
APT00175,PAT03364,Ophthalmology,Wellness Center,2025-06-19,8,2025-06-20,17,Preventive screening,DR197,1,48,0,Government,19-35
APT00176,PAT02509,Pediatrics,Wellness Center,2025-02-21,9,2025-02-22,10,Preventive screening,DR159,0,36,37,Corporate,19-35
APT00177,PAT08692,General Medicine,Specialist Clinic,2025-11-05,10,2025-11-18,14,Chronic disease management,DR146,0,49,31,Self-pay,51-65
APT00178,PAT09433,Dermatology,Emergency,2025-09-10,10,2025-09-22,12,Routine checkup,DR195,1,16,0,Corporate,36-50
APT00179,PAT04024,Dermatology,Specialist Clinic,2025-11-11,13,2025-11-13,16,Chronic disease management,DR166,0,43,28,Private,19-35
APT00180,PAT01560,Pediatrics,Wellness Center,2025-06-17,18,2025-06-24,9,Follow-up,DR123,0,10,14,Self-pay,19-35
APT00181,PAT08877,Pediatrics,Wellness Center,2025-03-24,13,2025-03-31,12,Chronic disease management,DR151,1,38,0,Government,51-65
APT00182,PAT05576,Ophthalmology,Specialist Clinic,2025-11-15,13,2025-11-20,11,Acute illness,DR143,1,41,0,Corporate,0-18
APT00183,PAT05306,Pediatrics,OPD,2025-12-09,13,2025-12-23,15,Routine checkup,DR169,0,18,13,Government,51-65
APT00184,PAT06695,Gynecology,Specialist Clinic,2025-02-26,15,2025-02-28,15,Chronic disease management,DR110,0,42,15,Corporate,65+
APT00185,PAT04255,Dermatology,Specialist Clinic,2025-04-10,16,2025-04-13,11,Chronic disease management,DR167,0,43,11,Private,65+
APT00186,PAT02640,Orthopedics,Emergency,2025-04-28,18,2025-05-10,12,Follow-up,DR169,0,49,23,Government,36-50
APT00187,PAT09548,Gynecology,Wellness Center,2025-01-26,15,2025-02-02,16,Acute illness,DR117,0,56,40,Private,0-18
APT00188,PAT02094,Gynecology,OPD,2025-02-08,14,2025-02-13,11,Follow-up,DR161,0,20,34,Government,51-65
APT00189,PAT04168,ENT,Emergency,2025-03-23,13,2025-04-03,10,Follow-up,DR135,0,18,38,Corporate,0-18
APT00190,PAT03333,Orthopedics,Specialist Clinic,2025-10-27,13,2025-11-07,9,Routine checkup,DR166,0,29,26,Self-pay,65+
APT00191,PAT03045,Ophthalmology,Wellness Center,2025-08-30,10,2025-09-03,10,Acute illness,DR134,0,12,22,Private,0-18
APT00192,PAT08983,ENT,Specialist Clinic,2025-11-17,11,2025-11-25,17,Routine checkup,DR111,0,56,29,Private,19-35
APT00193,PAT02723,ENT,Specialist Clinic,2025-12-07,12,2025-12-15,13,Chronic disease management,DR142,0,36,31,Private,36-50
APT00194,PAT08955,Cardiology,Emergency,2025-02-12,17,2025-02-13,16,Follow-up,DR175,0,37,31,Private,0-18
APT00195,PAT07268,ENT,OPD,2025-12-29,17,2026-01-06,10,Chronic disease management,DR182,0,16,28,Self-pay,0-18
APT00196,PAT01653,ENT,Specialist Clinic,2025-05-03,18,2025-05-09,16,Preventive screening,DR173,0,43,11,Corporate,51-65
APT00197,PAT01395,Dermatology,Specialist Clinic,2025-12-09,9,2025-12-10,13,Preventive screening,DR103,0,56,24,Private,36-50
APT00198,PAT05074,Pediatrics,Specialist Clinic,2025-12-16,15,2025-12-22,9,Acute illness,DR158,0,54,30,Private,19-35
APT00199,PAT06710,Pediatrics,Emergency,2025-04-18,15,2025-04-27,10,Acute illness,DR145,0,49,27,Government,36-50
APT00200,PAT06126,Cardiology,Wellness Center,2025-06-06,18,2025-06-08,11,Preventive screening,DR125,0,26,37,Corporate,36-50
APT00201,PAT03608,Ophthalmology,Emergency,2025-06-22,13,2025-07-05,9,Routine checkup,DR124,0,47,19,Private,65+
APT00202,PAT02244,ENT,Emergency,2025-10-03,9,2025-10-06,10,Chronic disease management,DR184,0,35,37,Private,19-35
APT00203,PAT07311,Pediatrics,OPD,2025-06-24,12,2025-07-03,10,Acute illness,DR128,0,38,36,Self-pay,19-35
APT00204,PAT04677,Gynecology,Emergency,2025-10-08,11,2025-10-11,12,Preventive screening,DR182,1,23,0,Government,0-18
APT00205,PAT08917,General Medicine,Wellness Center,2025-06-01,14,2025-06-05,17,Chronic disease management,DR172,0,22,23,Government,65+
APT00206,PAT06963,ENT,Specialist Clinic,2025-10-25,14,2025-11-01,14,Acute illness,DR130,0,30,27,Private,0-18
APT00207,PAT05045,Pediatrics,Emergency,2025-12-21,9,2025-12-24,17,Preventive screening,DR168,0,30,13,Government,36-50
APT00208,PAT01871,Dermatology,Wellness Center,2025-12-26,17,2026-01-06,16,Preventive screening,DR175,0,37,12,Government,0-18
APT00209,PAT08809,General Medicine,Emergency,2025-10-14,9,2025-10-22,14,Routine checkup,DR192,0,27,28,Private,0-18
APT00210,PAT03184,ENT,Wellness Center,2025-11-03,11,2025-11-11,16,Acute illness,DR168,0,54,31,Private,36-50
APT00211,PAT09841,ENT,Specialist Clinic,2025-04-30,8,2025-05-10,9,Acute illness,DR175,1,17,0,Self-pay,65+
APT00212,PAT04188,ENT,Emergency,2025-02-02,17,2025-02-11,11,Follow-up,DR103,0,51,39,Corporate,0-18
APT00213,PAT07347,Cardiology,Wellness Center,2025-06-19,14,2025-06-21,16,Follow-up,DR143,0,21,13,Private,36-50
APT00214,PAT09186,ENT,OPD,2025-04-01,10,2025-04-13,13,Preventive screening,DR125,0,24,21,Self-pay,36-50
APT00215,PAT01334,Cardiology,OPD,2025-08-20,16,2025-09-02,9,Acute illness,DR112,0,20,10,Self-pay,0-18
APT00216,PAT07141,Gynecology,OPD,2025-06-17,10,2025-06-24,12,Chronic disease management,DR163,1,21,0,Government,36-50
APT00217,PAT03898,Orthopedics,Wellness Center,2025-02-19,10,2025-03-05,17,Follow-up,DR156,0,11,29,Self-pay,65+
APT00218,PAT02765,Gynecology,Specialist Clinic,2025-03-03,18,2025-03-16,11,Chronic disease management,DR166,0,20,38,Self-pay,51-65
APT00219,PAT06527,Orthopedics,Wellness Center,2025-04-09,18,2025-04-19,17,Preventive screening,DR157,0,17,31,Self-pay,36-50
APT00220,PAT09040,Orthopedics,Emergency,2025-05-07,14,2025-05-13,9,Acute illness,DR107,0,40,35,Self-pay,65+
APT00221,PAT09715,Pediatrics,Wellness Center,2025-02-16,16,2025-02-27,12,Acute illness,DR141,0,18,24,Government,36-50
APT00222,PAT02349,ENT,Wellness Center,2025-11-17,8,2025-11-24,16,Routine checkup,DR141,0,45,25,Corporate,36-50
APT00223,PAT01903,Gynecology,OPD,2025-09-12,11,2025-09-25,10,Acute illness,DR175,0,57,38,Government,36-50
APT00224,PAT05963,General Medicine,Wellness Center,2025-01-25,11,2025-02-03,14,Chronic disease management,DR106,1,53,0,Corporate,65+
APT00225,PAT01732,Orthopedics,Emergency,2025-09-26,9,2025-10-10,16,Follow-up,DR128,0,55,20,Self-pay,19-35
APT00226,PAT07250,General Medicine,Emergency,2025-09-11,9,2025-09-15,13,Routine checkup,DR130,1,52,0,Private,19-35
APT00227,PAT07585,Dermatology,OPD,2025-07-19,10,2025-08-02,11,Chronic disease management,DR131,0,49,31,Private,51-65
APT00228,PAT05466,Gynecology,Wellness Center,2025-12-15,8,2025-12-25,15,Preventive screening,DR148,0,27,36,Government,51-65
APT00229,PAT07479,General Medicine,OPD,2025-05-10,15,2025-05-20,11,Follow-up,DR109,0,50,13,Self-pay,19-35
APT00230,PAT03742,Orthopedics,Specialist Clinic,2025-09-08,18,2025-09-10,15,Acute illness,DR168,0,28,19,Private,0-18
APT00231,PAT09158,Dermatology,Emergency,2025-03-03,10,2025-03-10,17,Routine checkup,DR160,0,40,13,Self-pay,19-35
APT00232,PAT02104,ENT,Emergency,2025-01-20,14,2025-02-03,14,Preventive screening,DR194,1,19,0,Corporate,65+
APT00233,PAT06208,Dermatology,OPD,2025-01-22,17,2025-02-02,9,Follow-up,DR143,0,26,39,Government,36-50
APT00234,PAT03508,General Medicine,Specialist Clinic,2025-08-25,16,2025-08-29,10,Follow-up,DR123,0,50,16,Private,51-65
APT00235,PAT05026,Ophthalmology,Specialist Clinic,2025-01-13,16,2025-01-27,11,Follow-up,DR170,1,30,0,Self-pay,0-18
APT00236,PAT01286,ENT,Emergency,2025-12-17,13,2025-12-19,14,Routine checkup,DR118,0,16,31,Government,0-18
APT00237,PAT02960,General Medicine,Emergency,2025-07-15,18,2025-07-16,9,Chronic disease management,DR169,0,14,10,Corporate,65+
APT00238,PAT07336,Gynecology,Wellness Center,2025-11-27,11,2025-12-04,16,Chronic disease management,DR132,0,32,30,Corporate,51-65
APT00239,PAT05699,Pediatrics,Emergency,2025-03-20,14,2025-03-28,13,Follow-up,DR147,0,57,10,Corporate,36-50
APT00240,PAT09871,Ophthalmology,Emergency,2025-03-15,14,2025-03-16,11,Acute illness,DR126,0,35,23,Corporate,51-65
APT00241,PAT06534,ENT,Specialist Clinic,2025-08-20,18,2025-08-28,15,Follow-up,DR192,0,43,16,Government,19-35
APT00242,PAT06954,Dermatology,Wellness Center,2025-12-31,16,2026-01-04,15,Acute illness,DR182,0,29,16,Corporate,19-35
APT00243,PAT07752,Ophthalmology,OPD,2025-08-29,11,2025-08-31,12,Acute illness,DR170,0,20,31,Corporate,65+
APT00244,PAT04382,Ophthalmology,Wellness Center,2025-08-10,17,2025-08-13,11,Acute illness,DR195,1,53,0,Government,51-65
APT00245,PAT06185,Dermatology,Wellness Center,2025-10-22,11,2025-11-04,11,Preventive screening,DR140,1,49,0,Self-pay,0-18
APT00246,PAT01864,General Medicine,Specialist Clinic,2025-02-03,9,2025-02-05,14,Acute illness,DR125,1,57,0,Government,19-35
APT00247,PAT06169,Cardiology,Wellness Center,2025-06-07,15,2025-06-21,14,Follow-up,DR137,0,29,13,Government,19-35
APT00248,PAT07712,Cardiology,Emergency,2025-03-25,16,2025-04-01,17,Preventive screening,DR189,0,27,32,Government,0-18
APT00249,PAT01645,Ophthalmology,Emergency,2025-12-06,14,2025-12-09,16,Preventive screening,DR161,1,20,0,Self-pay,65+
APT00250,PAT03979,Pediatrics,Wellness Center,2025-12-19,8,2026-01-02,16,Chronic disease management,DR144,0,31,12,Private,0-18
APT00251,PAT03449,Gynecology,OPD,2025-04-01,18,2025-04-04,12,Acute illness,DR137,0,55,35,Self-pay,36-50
APT00252,PAT07844,Ophthalmology,Emergency,2025-11-05,13,2025-11-18,13,Follow-up,DR165,1,27,0,Self-pay,51-65
APT00253,PAT06023,General Medicine,Specialist Clinic,2025-06-13,15,2025-06-16,15,Acute illness,DR105,0,27,33,Corporate,0-18
APT00254,PAT01174,General Medicine,OPD,2025-06-20,12,2025-06-29,15,Follow-up,DR160,1,34,0,Corporate,0-18
APT00255,PAT06499,Gynecology,Specialist Clinic,2025-12-22,16,2026-01-02,15,Preventive screening,DR190,0,31,14,Private,36-50
APT00256,PAT02364,Ophthalmology,Wellness Center,2025-10-10,18,2025-10-14,10,Acute illness,DR165,0,17,10,Government,0-18
APT00257,PAT03523,Orthopedics,Emergency,2025-05-05,9,2025-05-07,10,Routine checkup,DR192,0,10,33,Private,65+
APT00258,PAT06421,Ophthalmology,OPD,2025-02-06,17,2025-02-09,10,Routine checkup,DR190,0,18,16,Self-pay,19-35
APT00259,PAT04818,Cardiology,Emergency,2025-02-16,8,2025-02-28,10,Preventive screening,DR141,1,50,0,Government,51-65
APT00260,PAT04048,Ophthalmology,Wellness Center,2025-04-12,12,2025-04-24,9,Preventive screening,DR123,0,42,10,Self-pay,19-35
APT00261,PAT04102,Orthopedics,OPD,2025-04-12,9,2025-04-17,12,Follow-up,DR141,0,58,17,Government,51-65
APT00262,PAT09301,Gynecology,Specialist Clinic,2025-11-22,11,2025-12-06,15,Acute illness,DR144,0,57,17,Self-pay,36-50
APT00263,PAT02028,Orthopedics,Wellness Center,2025-05-25,13,2025-06-07,9,Chronic disease management,DR196,1,37,0,Self-pay,51-65
APT00264,PAT06922,Cardiology,OPD,2025-01-07,17,2025-01-19,13,Acute illness,DR157,0,32,33,Corporate,36-50
APT00265,PAT04117,Ophthalmology,Emergency,2025-09-13,17,2025-09-18,11,Routine checkup,DR188,0,32,23,Corporate,51-65
APT00266,PAT08608,ENT,Wellness Center,2025-06-16,10,2025-06-29,11,Preventive screening,DR153,0,11,37,Government,36-50
APT00267,PAT01228,Orthopedics,Wellness Center,2025-07-15,18,2025-07-29,11,Follow-up,DR175,0,21,16,Self-pay,0-18
APT00268,PAT04240,Orthopedics,OPD,2025-07-20,15,2025-07-28,15,Follow-up,DR138,0,45,18,Government,19-35
APT00269,PAT03618,Ophthalmology,Wellness Center,2025-09-07,18,2025-09-17,9,Acute illness,DR113,0,14,40,Private,51-65
APT00270,PAT09097,Orthopedics,Emergency,2025-11-08,14,2025-11-13,16,Routine checkup,DR139,0,50,15,Private,36-50
APT00271,PAT03120,ENT,Specialist Clinic,2025-12-17,13,2025-12-27,14,Follow-up,DR147,0,46,25,Self-pay,0-18
APT00272,PAT06344,ENT,Emergency,2025-08-17,13,2025-08-23,16,Acute illness,DR171,0,31,28,Private,19-35
APT00273,PAT04883,Dermatology,Emergency,2025-03-07,15,2025-03-13,16,Routine checkup,DR140,0,42,38,Self-pay,51-65
APT00274,PAT09043,Pediatrics,Wellness Center,2025-03-17,17,2025-03-27,13,Routine checkup,DR157,1,34,0,Government,36-50
APT00275,PAT01967,Pediatrics,Wellness Center,2025-12-31,11,2026-01-03,12,Routine checkup,DR141,0,32,36,Corporate,65+
APT00276,PAT08941,Gynecology,Specialist Clinic,2025-03-16,17,2025-03-29,17,Follow-up,DR182,0,22,40,Self-pay,36-50
APT00277,PAT09259,Dermatology,Specialist Clinic,2025-02-01,11,2025-02-13,15,Preventive screening,DR189,0,10,19,Private,19-35
APT00278,PAT07904,General Medicine,OPD,2025-03-15,13,2025-03-20,16,Follow-up,DR157,1,50,0,Corporate,65+
APT00279,PAT02765,Ophthalmology,Specialist Clinic,2025-03-22,15,2025-04-01,13,Follow-up,DR190,0,48,24,Private,19-35
APT00280,PAT03030,Pediatrics,OPD,2025-10-28,13,2025-10-31,17,Preventive screening,DR147,0,19,20,Corporate,65+
APT00281,PAT07480,ENT,Emergency,2025-01-14,13,2025-01-25,9,Acute illness,DR141,0,46,34,Self-pay,65+
APT00282,PAT02112,Orthopedics,Emergency,2025-01-29,10,2025-02-10,10,Chronic disease management,DR120,0,55,17,Self-pay,36-50
APT00283,PAT02139,Cardiology,Wellness Center,2025-07-02,14,2025-07-08,17,Routine checkup,DR167,0,36,30,Corporate,19-35
APT00284,PAT08348,Cardiology,Emergency,2025-10-08,9,2025-10-22,13,Follow-up,DR130,0,13,30,Self-pay,0-18
APT00285,PAT01691,Dermatology,Emergency,2025-11-26,11,2025-12-10,11,Follow-up,DR164,0,30,20,Corporate,51-65
APT00286,PAT07798,Gynecology,OPD,2025-01-10,8,2025-01-19,12,Chronic disease management,DR104,0,23,17,Corporate,0-18
APT00287,PAT07031,Cardiology,Emergency,2025-06-28,14,2025-07-10,12,Follow-up,DR168,0,10,39,Private,36-50
APT00288,PAT04302,ENT,Specialist Clinic,2025-10-12,13,2025-10-18,12,Acute illness,DR133,1,35,0,Self-pay,36-50
APT00289,PAT09385,Ophthalmology,Wellness Center,2025-08-20,11,2025-08-21,11,Routine checkup,DR105,0,34,35,Self-pay,19-35
APT00290,PAT04511,Gynecology,Specialist Clinic,2025-04-13,13,2025-04-26,16,Routine checkup,DR182,0,50,17,Private,19-35
APT00291,PAT03964,Gynecology,Specialist Clinic,2025-09-19,11,2025-09-20,16,Preventive screening,DR192,1,30,0,Corporate,51-65
APT00292,PAT08867,Orthopedics,Specialist Clinic,2025-11-05,18,2025-11-18,12,Routine checkup,DR178,0,16,38,Self-pay,0-18
APT00293,PAT01000,General Medicine,Specialist Clinic,2025-11-14,15,2025-11-15,15,Chronic disease management,DR120,0,16,11,Private,19-35
APT00294,PAT07108,ENT,OPD,2025-11-27,12,2025-12-01,15,Routine checkup,DR138,0,59,11,Self-pay,36-50
APT00295,PAT04353,Ophthalmology,OPD,2025-03-14,18,2025-03-19,9,Preventive screening,DR122,0,10,13,Self-pay,19-35
APT00296,PAT08859,Gynecology,OPD,2025-08-22,10,2025-09-05,12,Routine checkup,DR150,0,53,22,Self-pay,0-18
APT00297,PAT01217,Ophthalmology,OPD,2025-09-12,18,2025-09-19,10,Acute illness,DR190,0,28,33,Corporate,19-35
APT00298,PAT04081,Gynecology,Emergency,2025-05-17,15,2025-05-18,9,Routine checkup,DR172,0,37,27,Corporate,19-35
APT00299,PAT07017,Pediatrics,Wellness Center,2025-01-25,15,2025-01-30,17,Follow-up,DR147,1,52,0,Private,65+
APT00300,PAT06681,Pediatrics,Wellness Center,2025-10-04,10,2025-10-07,15,Acute illness,DR159,0,32,34,Private,19-35
APT00301,PAT07681,Ophthalmology,Specialist Clinic,2025-12-11,14,2025-12-24,10,Chronic disease management,DR132,0,18,20,Private,51-65
APT00302,PAT06627,Orthopedics,Emergency,2025-08-19,17,2025-09-01,14,Chronic disease management,DR180,0,57,15,Government,19-35
APT00303,PAT02833,Cardiology,OPD,2025-12-21,16,2025-12-28,10,Chronic disease management,DR100,0,26,39,Government,19-35
APT00304,PAT06332,Pediatrics,Specialist Clinic,2025-12-17,16,2025-12-29,15,Chronic disease management,DR184,0,35,17,Private,51-65
APT00305,PAT08432,Cardiology,Emergency,2025-12-19,11,2026-01-01,9,Chronic disease management,DR113,0,41,14,Self-pay,36-50
APT00306,PAT04428,ENT,OPD,2025-05-04,11,2025-05-17,9,Routine checkup,DR103,0,28,13,Government,19-35
APT00307,PAT02948,Cardiology,Wellness Center,2025-12-15,13,2025-12-17,15,Routine checkup,DR189,0,48,19,Private,51-65
APT00308,PAT08838,Gynecology,OPD,2025-07-11,18,2025-07-15,16,Routine checkup,DR163,0,30,21,Self-pay,36-50
APT00309,PAT02605,ENT,Wellness Center,2025-12-25,17,2026-01-02,14,Preventive screening,DR103,0,34,11,Corporate,0-18
APT00310,PAT02540,Cardiology,Wellness Center,2025-09-01,14,2025-09-06,14,Follow-up,DR177,0,40,11,Private,36-50
APT00311,PAT07727,Ophthalmology,OPD,2025-10-10,8,2025-10-23,11,Chronic disease management,DR186,0,59,10,Corporate,0-18
APT00312,PAT07359,Ophthalmology,OPD,2025-09-15,12,2025-09-18,10,Chronic disease management,DR162,0,21,38,Corporate,36-50
APT00313,PAT07991,Gynecology,OPD,2025-03-25,18,2025-03-26,11,Routine checkup,DR125,0,40,25,Government,0-18
APT00314,PAT01718,Orthopedics,Specialist Clinic,2025-07-18,10,2025-07-31,12,Acute illness,DR187,0,47,37,Corporate,19-35
APT00315,PAT03280,Cardiology,Emergency,2025-08-16,17,2025-08-29,9,Preventive screening,DR163,0,33,35,Corporate,0-18
APT00316,PAT02742,Pediatrics,Wellness Center,2025-12-29,15,2026-01-07,9,Acute illness,DR155,0,45,32,Corporate,0-18
APT00317,PAT06859,Gynecology,Wellness Center,2025-02-03,14,2025-02-05,17,Follow-up,DR117,0,17,10,Government,0-18
APT00318,PAT09944,Dermatology,Specialist Clinic,2025-10-20,16,2025-10-23,13,Preventive screening,DR108,0,60,31,Government,65+
APT00319,PAT03414,General Medicine,Specialist Clinic,2025-07-31,10,2025-08-02,15,Routine checkup,DR147,0,13,26,Self-pay,0-18
APT00320,PAT01145,Gynecology,Specialist Clinic,2025-09-26,10,2025-10-07,14,Follow-up,DR161,0,23,16,Corporate,51-65
APT00321,PAT09870,Cardiology,OPD,2025-09-03,10,2025-09-07,11,Chronic disease management,DR118,0,58,12,Corporate,65+
APT00322,PAT07774,Orthopedics,Specialist Clinic,2025-02-07,11,2025-02-17,13,Preventive screening,DR107,0,58,23,Self-pay,36-50
APT00323,PAT07122,Dermatology,Wellness Center,2025-07-22,15,2025-07-23,12,Follow-up,DR161,0,49,40,Corporate,19-35
APT00324,PAT02229,Gynecology,Wellness Center,2025-05-04,17,2025-05-14,9,Preventive screening,DR108,0,45,12,Government,0-18
APT00325,PAT06594,ENT,Specialist Clinic,2025-07-09,16,2025-07-14,14,Acute illness,DR160,0,42,25,Corporate,65+
APT00326,PAT02490,Orthopedics,Wellness Center,2025-12-22,13,2025-12-31,17,Chronic disease management,DR178,0,50,12,Private,36-50
APT00327,PAT04732,Gynecology,Specialist Clinic,2025-05-19,13,2025-06-02,12,Chronic disease management,DR124,0,32,19,Government,36-50
APT00328,PAT07944,ENT,Emergency,2025-09-23,17,2025-10-04,11,Acute illness,DR124,0,53,31,Private,65+
APT00329,PAT09521,Dermatology,Emergency,2025-10-11,9,2025-10-17,13,Follow-up,DR126,0,48,35,Private,19-35
APT00330,PAT07416,Ophthalmology,Wellness Center,2025-11-28,12,2025-12-11,16,Chronic disease management,DR143,0,19,18,Self-pay,36-50
APT00331,PAT04095,ENT,Specialist Clinic,2025-03-05,15,2025-03-12,16,Chronic disease management,DR174,1,27,0,Corporate,19-35
APT00332,PAT09020,ENT,OPD,2025-05-17,15,2025-05-18,15,Preventive screening,DR140,0,17,14,Government,0-18
APT00333,PAT02151,General Medicine,Specialist Clinic,2025-07-05,9,2025-07-18,17,Chronic disease management,DR134,1,18,0,Self-pay,51-65
APT00334,PAT06531,General Medicine,Specialist Clinic,2025-04-15,12,2025-04-16,15,Follow-up,DR129,1,24,0,Private,65+
APT00335,PAT06189,Dermatology,Emergency,2025-07-01,10,2025-07-15,15,Follow-up,DR169,1,49,0,Self-pay,19-35
APT00336,PAT03040,Gynecology,OPD,2025-02-16,11,2025-02-26,15,Follow-up,DR130,0,39,29,Government,19-35
APT00337,PAT06054,Cardiology,Wellness Center,2025-04-23,17,2025-04-28,15,Preventive screening,DR127,1,24,0,Self-pay,0-18
APT00338,PAT07299,Ophthalmology,Wellness Center,2025-07-29,8,2025-08-10,17,Acute illness,DR126,0,53,25,Corporate,65+
APT00339,PAT07355,General Medicine,Wellness Center,2025-06-25,17,2025-07-01,12,Acute illness,DR118,0,55,12,Corporate,19-35
APT00340,PAT07637,Dermatology,Specialist Clinic,2025-07-26,11,2025-07-30,13,Follow-up,DR148,0,48,38,Corporate,0-18
APT00341,PAT02059,Dermatology,Wellness Center,2025-12-18,8,2025-12-28,15,Chronic disease management,DR144,0,33,22,Self-pay,51-65
APT00342,PAT02465,Ophthalmology,Wellness Center,2025-08-12,12,2025-08-24,14,Follow-up,DR134,0,33,39,Private,51-65
APT00343,PAT09473,Dermatology,Emergency,2025-03-22,8,2025-03-25,15,Acute illness,DR106,0,58,17,Self-pay,19-35
APT00344,PAT09605,General Medicine,Specialist Clinic,2025-02-17,15,2025-02-27,11,Acute illness,DR118,0,37,18,Government,19-35
APT00345,PAT04798,Orthopedics,OPD,2025-07-29,17,2025-08-03,9,Chronic disease management,DR183,0,60,35,Government,36-50
APT00346,PAT04870,ENT,OPD,2025-10-08,11,2025-10-16,10,Routine checkup,DR198,0,16,18,Government,65+
APT00347,PAT07044,Ophthalmology,Emergency,2025-03-05,10,2025-03-18,17,Follow-up,DR131,0,60,10,Private,19-35
APT00348,PAT01931,General Medicine,Wellness Center,2025-05-20,10,2025-05-29,11,Routine checkup,DR160,0,19,37,Government,19-35
APT00349,PAT05575,Pediatrics,Wellness Center,2025-11-08,11,2025-11-22,16,Follow-up,DR190,0,17,32,Government,19-35
APT00350,PAT07183,General Medicine,Emergency,2025-11-24,8,2025-12-04,13,Preventive screening,DR167,1,41,0,Corporate,65+
APT00351,PAT08645,ENT,Specialist Clinic,2025-10-05,17,2025-10-17,15,Acute illness,DR167,0,36,15,Corporate,19-35
APT00352,PAT07021,Cardiology,Specialist Clinic,2025-01-19,9,2025-01-23,15,Preventive screening,DR148,0,29,21,Self-pay,36-50
APT00353,PAT03411,General Medicine,Wellness Center,2025-09-07,17,2025-09-11,11,Acute illness,DR150,0,25,14,Self-pay,19-35
APT00354,PAT08621,Ophthalmology,Specialist Clinic,2025-08-13,11,2025-08-18,16,Follow-up,DR153,0,13,17,Government,0-18
APT00355,PAT07333,General Medicine,Wellness Center,2025-06-01,9,2025-06-07,13,Acute illness,DR165,0,45,25,Self-pay,51-65
APT00356,PAT09302,Pediatrics,Emergency,2025-02-04,8,2025-02-10,10,Follow-up,DR195,0,55,27,Private,0-18
APT00357,PAT07082,Dermatology,OPD,2025-01-13,15,2025-01-22,15,Acute illness,DR178,0,39,21,Private,36-50
APT00358,PAT08987,Cardiology,Wellness Center,2025-07-08,16,2025-07-09,9,Chronic disease management,DR193,0,57,28,Self-pay,19-35
APT00359,PAT05376,Ophthalmology,Emergency,2025-07-13,10,2025-07-19,12,Routine checkup,DR178,0,34,18,Corporate,19-35
APT00360,PAT03178,Gynecology,Emergency,2025-01-22,14,2025-01-23,12,Preventive screening,DR119,1,37,0,Private,19-35
APT00361,PAT05350,Orthopedics,Wellness Center,2025-01-01,9,2025-01-03,12,Preventive screening,DR121,0,53,25,Self-pay,0-18
APT00362,PAT07096,Pediatrics,Wellness Center,2025-12-09,12,2025-12-17,17,Chronic disease management,DR194,0,31,30,Private,65+
APT00363,PAT05018,Gynecology,Emergency,2025-03-21,8,2025-04-01,15,Preventive screening,DR134,0,31,40,Private,51-65
APT00364,PAT05221,Gynecology,OPD,2025-07-27,10,2025-07-28,17,Follow-up,DR128,0,25,24,Government,0-18
APT00365,PAT07551,Pediatrics,Wellness Center,2025-12-24,17,2026-01-02,14,Acute illness,DR110,0,25,15,Corporate,0-18
APT00366,PAT08080,ENT,Emergency,2025-06-10,14,2025-06-11,16,Routine checkup,DR142,0,33,13,Private,19-35
APT00367,PAT07640,ENT,Wellness Center,2025-09-07,11,2025-09-15,13,Follow-up,DR178,0,20,20,Government,65+
APT00368,PAT02649,ENT,OPD,2025-06-17,9,2025-06-27,9,Follow-up,DR169,0,37,25,Self-pay,19-35
APT00369,PAT03186,Ophthalmology,Specialist Clinic,2025-01-27,13,2025-01-28,14,Chronic disease management,DR111,0,12,15,Private,36-50
APT00370,PAT01003,Cardiology,Emergency,2025-02-21,10,2025-02-22,15,Preventive screening,DR113,0,27,28,Private,65+
APT00371,PAT08574,Gynecology,Specialist Clinic,2025-09-27,10,2025-09-29,17,Routine checkup,DR163,0,48,17,Private,0-18
APT00372,PAT08744,Pediatrics,Wellness Center,2025-07-21,13,2025-08-04,17,Acute illness,DR137,0,51,32,Corporate,51-65
APT00373,PAT04449,Gynecology,Emergency,2025-05-01,15,2025-05-14,11,Follow-up,DR104,0,15,11,Self-pay,19-35
APT00374,PAT02203,Orthopedics,Specialist Clinic,2025-02-25,13,2025-03-05,14,Chronic disease management,DR130,0,55,25,Corporate,51-65
APT00375,PAT04436,Gynecology,Wellness Center,2025-03-04,18,2025-03-15,9,Acute illness,DR120,0,35,16,Private,0-18
APT00376,PAT09152,Gynecology,Wellness Center,2025-01-26,18,2025-01-27,15,Acute illness,DR157,0,18,36,Private,51-65
APT00377,PAT03689,Orthopedics,Specialist Clinic,2025-12-04,14,2025-12-10,10,Preventive screening,DR142,1,19,0,Self-pay,19-35
APT00378,PAT04313,Ophthalmology,Emergency,2025-05-03,14,2025-05-12,9,Routine checkup,DR180,0,33,32,Private,65+
APT00379,PAT09209,General Medicine,Emergency,2025-07-10,11,2025-07-16,11,Acute illness,DR187,1,52,0,Private,65+
APT00380,PAT01645,Dermatology,Wellness Center,2025-07-20,17,2025-07-29,17,Acute illness,DR168,0,58,24,Self-pay,36-50
APT00381,PAT02028,ENT,Wellness Center,2025-06-20,14,2025-06-21,16,Chronic disease management,DR173,0,24,39,Private,65+
APT00382,PAT01634,Gynecology,Emergency,2025-04-25,18,2025-05-03,13,Preventive screening,DR133,0,10,26,Government,0-18
APT00383,PAT01036,Ophthalmology,Wellness Center,2025-04-24,8,2025-05-08,10,Acute illness,DR168,0,44,40,Corporate,0-18
APT00384,PAT01838,Gynecology,Wellness Center,2025-09-14,17,2025-09-28,12,Chronic disease management,DR184,0,45,19,Self-pay,19-35
APT00385,PAT04281,Pediatrics,OPD,2025-07-19,18,2025-07-28,15,Routine checkup,DR142,0,51,17,Corporate,0-18
APT00386,PAT05789,Gynecology,Specialist Clinic,2025-02-20,14,2025-02-23,11,Preventive screening,DR126,0,56,15,Private,0-18
APT00387,PAT03548,Cardiology,OPD,2025-05-28,8,2025-06-02,12,Routine checkup,DR199,1,59,0,Private,19-35
APT00388,PAT09199,Ophthalmology,Wellness Center,2025-02-28,16,2025-03-13,10,Preventive screening,DR185,0,49,18,Self-pay,36-50
APT00389,PAT04101,Orthopedics,Specialist Clinic,2025-02-17,8,2025-02-23,10,Routine checkup,DR120,0,19,20,Government,65+
APT00390,PAT06757,Dermatology,OPD,2025-12-20,13,2025-12-29,15,Preventive screening,DR113,0,42,34,Corporate,19-35
APT00391,PAT02096,Ophthalmology,Emergency,2025-03-27,18,2025-03-31,16,Chronic disease management,DR198,0,39,22,Private,36-50
APT00392,PAT01060,General Medicine,Specialist Clinic,2025-04-12,8,2025-04-13,14,Acute illness,DR153,0,57,36,Self-pay,36-50
APT00393,PAT09528,Orthopedics,OPD,2025-08-26,17,2025-08-28,11,Preventive screening,DR163,0,45,27,Private,0-18
APT00394,PAT06194,General Medicine,Emergency,2025-11-16,12,2025-11-29,17,Preventive screening,DR137,0,12,37,Self-pay,0-18
APT00395,PAT07219,Orthopedics,Emergency,2025-06-03,12,2025-06-14,14,Preventive screening,DR109,0,43,21,Self-pay,51-65
APT00396,PAT01428,Gynecology,Specialist Clinic,2025-06-07,13,2025-06-19,11,Routine checkup,DR117,0,43,29,Self-pay,36-50
APT00397,PAT06215,Gynecology,OPD,2025-02-28,10,2025-03-02,12,Chronic disease management,DR110,0,24,11,Private,36-50
APT00398,PAT09993,Cardiology,Specialist Clinic,2025-10-09,16,2025-10-22,13,Routine checkup,DR151,0,58,39,Self-pay,36-50
APT00399,PAT01852,Pediatrics,Emergency,2025-08-04,9,2025-08-06,10,Chronic disease management,DR100,0,16,38,Corporate,0-18
APT00400,PAT02751,Pediatrics,Specialist Clinic,2025-08-29,10,2025-09-11,17,Follow-up,DR110,0,31,15,Government,65+
APT00401,PAT01275,Cardiology,Wellness Center,2025-12-25,11,2026-01-08,11,Follow-up,DR194,0,53,26,Government,51-65
APT00402,PAT04072,Gynecology,Wellness Center,2025-01-03,16,2025-01-14,12,Routine checkup,DR155,0,23,29,Corporate,19-35
APT00403,PAT07742,Pediatrics,Specialist Clinic,2025-09-28,12,2025-10-03,12,Chronic disease management,DR115,1,55,0,Corporate,36-50
APT00404,PAT02877,Ophthalmology,Wellness Center,2025-11-28,17,2025-12-08,12,Acute illness,DR188,1,18,0,Government,65+
APT00405,PAT01658,Dermatology,Emergency,2025-03-03,11,2025-03-14,9,Routine checkup,DR187,1,35,0,Government,19-35
APT00406,PAT02814,General Medicine,OPD,2025-05-22,14,2025-05-24,10,Acute illness,DR126,0,38,14,Government,0-18
APT00407,PAT09501,ENT,Specialist Clinic,2025-07-08,15,2025-07-14,12,Follow-up,DR126,0,34,21,Government,19-35
APT00408,PAT05130,Gynecology,OPD,2025-09-08,14,2025-09-16,16,Follow-up,DR107,0,60,38,Self-pay,51-65
APT00409,PAT05705,Dermatology,Emergency,2025-09-26,12,2025-10-01,13,Follow-up,DR154,0,59,10,Corporate,65+
APT00410,PAT04675,Ophthalmology,Wellness Center,2025-02-03,11,2025-02-13,13,Preventive screening,DR149,0,27,15,Corporate,19-35
APT00411,PAT08961,General Medicine,Wellness Center,2025-08-13,11,2025-08-16,17,Chronic disease management,DR182,0,19,13,Private,36-50
APT00412,PAT09462,Cardiology,Specialist Clinic,2025-09-25,14,2025-09-30,9,Routine checkup,DR172,0,16,17,Private,36-50
APT00413,PAT09656,Orthopedics,OPD,2025-05-06,10,2025-05-19,9,Acute illness,DR198,0,54,34,Corporate,65+
APT00414,PAT02777,Ophthalmology,Specialist Clinic,2025-06-24,14,2025-06-25,13,Acute illness,DR175,0,22,30,Corporate,65+
APT00415,PAT08730,Pediatrics,Emergency,2025-10-17,11,2025-10-27,14,Routine checkup,DR143,1,32,0,Corporate,19-35
APT00416,PAT01269,Ophthalmology,OPD,2025-09-30,9,2025-10-06,11,Follow-up,DR152,0,12,16,Corporate,51-65
APT00417,PAT09987,Cardiology,Wellness Center,2025-10-01,10,2025-10-13,12,Follow-up,DR127,0,33,13,Self-pay,36-50
APT00418,PAT05594,ENT,Wellness Center,2025-01-06,11,2025-01-16,10,Acute illness,DR130,1,49,0,Self-pay,0-18
APT00419,PAT05539,Dermatology,Emergency,2025-05-09,18,2025-05-22,9,Preventive screening,DR127,1,60,0,Corporate,36-50
APT00420,PAT05549,Dermatology,OPD,2025-02-21,14,2025-02-23,14,Acute illness,DR196,0,38,27,Government,0-18
APT00421,PAT04154,General Medicine,Emergency,2025-02-19,10,2025-03-02,12,Routine checkup,DR193,0,21,16,Government,19-35
APT00422,PAT08364,Ophthalmology,Emergency,2025-03-09,17,2025-03-14,11,Routine checkup,DR115,1,56,0,Government,36-50
APT00423,PAT08074,Gynecology,Emergency,2025-11-18,9,2025-12-01,11,Preventive screening,DR148,0,10,15,Private,0-18
APT00424,PAT03581,ENT,Emergency,2025-09-30,9,2025-10-03,11,Preventive screening,DR113,1,37,0,Government,19-35
APT00425,PAT03578,Pediatrics,Emergency,2025-05-17,15,2025-05-29,15,Follow-up,DR178,0,60,24,Private,36-50
APT00426,PAT01328,Dermatology,Emergency,2025-05-14,14,2025-05-24,13,Preventive screening,DR198,0,44,24,Self-pay,65+
APT00427,PAT04764,Orthopedics,OPD,2025-03-01,16,2025-03-14,16,Preventive screening,DR183,0,47,32,Government,0-18
APT00428,PAT04940,Dermatology,OPD,2025-09-23,16,2025-09-26,17,Routine checkup,DR130,0,44,27,Self-pay,36-50
APT00429,PAT06440,Cardiology,Emergency,2025-09-26,10,2025-10-05,9,Preventive screening,DR162,0,23,14,Government,0-18
APT00430,PAT09957,Ophthalmology,OPD,2025-09-23,13,2025-09-26,16,Follow-up,DR187,1,27,0,Private,0-18
APT00431,PAT01396,General Medicine,OPD,2025-01-17,9,2025-01-30,14,Follow-up,DR196,0,57,35,Self-pay,0-18
APT00432,PAT02609,Ophthalmology,Wellness Center,2025-12-19,16,2025-12-23,14,Routine checkup,DR180,0,57,40,Self-pay,19-35
APT00433,PAT09257,ENT,Specialist Clinic,2025-06-30,12,2025-07-06,13,Follow-up,DR110,0,44,36,Government,65+
APT00434,PAT09556,Ophthalmology,OPD,2025-12-09,10,2025-12-19,11,Acute illness,DR164,0,49,35,Self-pay,36-50
APT00435,PAT08656,General Medicine,OPD,2025-07-14,8,2025-07-22,9,Routine checkup,DR184,0,26,38,Government,51-65
APT00436,PAT09452,Pediatrics,Specialist Clinic,2025-06-26,16,2025-07-07,11,Preventive screening,DR148,1,46,0,Self-pay,19-35
APT00437,PAT06269,Gynecology,Specialist Clinic,2025-07-31,18,2025-08-03,9,Acute illness,DR139,0,20,35,Corporate,0-18
APT00438,PAT01868,General Medicine,Wellness Center,2025-10-10,11,2025-10-22,12,Preventive screening,DR177,0,49,27,Corporate,65+
APT00439,PAT09615,General Medicine,Emergency,2025-07-01,10,2025-07-14,10,Routine checkup,DR134,0,13,39,Self-pay,51-65
APT00440,PAT09671,Cardiology,OPD,2025-05-10,12,2025-05-24,13,Follow-up,DR170,0,40,25,Government,65+
APT00441,PAT02051,Dermatology,Wellness Center,2025-04-10,12,2025-04-17,12,Follow-up,DR186,0,14,14,Corporate,65+
APT00442,PAT06038,Orthopedics,Wellness Center,2025-12-14,12,2025-12-19,11,Routine checkup,DR131,0,36,34,Government,36-50
APT00443,PAT05126,Dermatology,OPD,2025-09-28,15,2025-10-05,9,Preventive screening,DR137,1,50,0,Corporate,19-35
APT00444,PAT01693,Pediatrics,Emergency,2025-07-01,14,2025-07-14,12,Acute illness,DR143,0,44,31,Government,36-50
APT00445,PAT08697,General Medicine,Wellness Center,2025-04-09,12,2025-04-23,15,Acute illness,DR137,0,42,28,Self-pay,19-35
APT00446,PAT09207,Dermatology,Emergency,2025-02-25,12,2025-03-03,14,Follow-up,DR159,0,49,36,Self-pay,36-50
APT00447,PAT05773,General Medicine,Emergency,2025-01-20,11,2025-01-25,12,Follow-up,DR197,0,32,16,Private,65+
APT00448,PAT04635,Cardiology,Emergency,2025-06-11,9,2025-06-23,10,Routine checkup,DR191,0,48,24,Corporate,0-18
APT00449,PAT02497,Dermatology,Emergency,2025-10-06,15,2025-10-07,12,Follow-up,DR151,0,51,20,Government,0-18
APT00450,PAT02374,General Medicine,Wellness Center,2025-07-28,13,2025-08-11,15,Routine checkup,DR159,0,42,37,Corporate,65+
APT00451,PAT04419,General Medicine,OPD,2025-09-26,8,2025-09-27,10,Acute illness,DR199,0,36,13,Government,65+
APT00452,PAT06469,Dermatology,Wellness Center,2025-09-26,18,2025-09-27,16,Acute illness,DR193,0,28,36,Self-pay,51-65
APT00453,PAT06665,Dermatology,Emergency,2025-01-02,8,2025-01-12,10,Acute illness,DR177,0,14,35,Self-pay,65+
APT00454,PAT05788,Gynecology,Emergency,2025-11-24,11,2025-12-07,15,Chronic disease management,DR161,0,31,36,Self-pay,65+
APT00455,PAT03583,ENT,Emergency,2025-03-13,17,2025-03-26,17,Follow-up,DR109,1,25,0,Corporate,36-50
APT00456,PAT05180,ENT,OPD,2025-06-21,12,2025-06-27,11,Chronic disease management,DR168,1,36,0,Self-pay,36-50
APT00457,PAT07479,Pediatrics,Wellness Center,2025-11-19,14,2025-11-20,9,Chronic disease management,DR188,0,16,13,Government,51-65
APT00458,PAT01907,Dermatology,Emergency,2025-01-10,13,2025-01-11,15,Preventive screening,DR177,0,15,36,Self-pay,51-65
APT00459,PAT04487,Ophthalmology,OPD,2025-03-20,10,2025-03-31,12,Acute illness,DR143,1,32,0,Self-pay,51-65
APT00460,PAT02782,Orthopedics,Wellness Center,2025-09-18,18,2025-09-27,16,Preventive screening,DR197,0,45,30,Government,65+
APT00461,PAT01660,Gynecology,OPD,2025-04-18,11,2025-04-27,13,Chronic disease management,DR100,0,60,26,Corporate,19-35
APT00462,PAT09660,Dermatology,Emergency,2025-06-25,14,2025-06-30,9,Follow-up,DR129,0,51,21,Self-pay,0-18
APT00463,PAT01295,Pediatrics,OPD,2025-02-22,16,2025-03-05,14,Chronic disease management,DR174,0,55,12,Private,36-50
APT00464,PAT08423,General Medicine,Specialist Clinic,2025-10-21,17,2025-10-24,11,Preventive screening,DR196,0,48,32,Corporate,65+
APT00465,PAT05856,ENT,Wellness Center,2025-10-21,9,2025-11-03,17,Acute illness,DR118,0,44,35,Private,65+
APT00466,PAT02686,Dermatology,Specialist Clinic,2025-07-16,8,2025-07-27,17,Acute illness,DR172,1,49,0,Government,19-35
APT00467,PAT04654,Orthopedics,Specialist Clinic,2025-04-08,10,2025-04-10,15,Preventive screening,DR172,0,45,40,Self-pay,51-65
APT00468,PAT08749,General Medicine,Emergency,2025-11-15,14,2025-11-27,10,Preventive screening,DR197,0,36,38,Self-pay,51-65
APT00469,PAT04737,Dermatology,Emergency,2025-03-31,13,2025-04-12,14,Follow-up,DR166,0,18,31,Self-pay,36-50
APT00470,PAT02930,ENT,Emergency,2025-01-02,17,2025-01-08,15,Acute illness,DR103,0,45,35,Government,51-65
APT00471,PAT03402,Pediatrics,Wellness Center,2025-10-30,18,2025-11-12,13,Routine checkup,DR170,0,34,28,Corporate,36-50
APT00472,PAT04549,Cardiology,OPD,2025-07-28,16,2025-08-08,16,Preventive screening,DR112,0,53,36,Government,19-35
APT00473,PAT02969,Pediatrics,Specialist Clinic,2025-09-28,11,2025-10-04,13,Preventive screening,DR169,0,19,17,Private,65+
APT00474,PAT03690,General Medicine,Wellness Center,2025-05-20,11,2025-05-31,9,Routine checkup,DR185,0,42,23,Corporate,51-65
APT00475,PAT07343,Cardiology,Emergency,2025-02-02,9,2025-02-03,10,Follow-up,DR178,0,31,36,Self-pay,0-18
APT00476,PAT05575,General Medicine,OPD,2025-02-03,12,2025-02-10,10,Acute illness,DR106,0,39,23,Government,65+
APT00477,PAT03353,Ophthalmology,OPD,2025-04-11,13,2025-04-25,12,Acute illness,DR134,0,11,38,Corporate,51-65
APT00478,PAT01953,Gynecology,Wellness Center,2025-08-15,10,2025-08-25,15,Preventive screening,DR185,0,18,29,Government,36-50
APT00479,PAT09062,Cardiology,Wellness Center,2025-01-10,14,2025-01-19,9,Follow-up,DR172,0,54,39,Self-pay,36-50
APT00480,PAT04199,Gynecology,Emergency,2025-01-12,11,2025-01-19,16,Follow-up,DR111,1,18,0,Private,36-50
APT00481,PAT07575,Pediatrics,OPD,2025-03-29,15,2025-04-02,17,Routine checkup,DR159,0,10,16,Government,0-18
APT00482,PAT02845,Orthopedics,Emergency,2025-02-10,14,2025-02-20,12,Chronic disease management,DR185,1,30,0,Government,51-65
APT00483,PAT04119,Pediatrics,Emergency,2025-09-11,15,2025-09-20,10,Chronic disease management,DR137,0,29,18,Self-pay,19-35
APT00484,PAT07481,General Medicine,Specialist Clinic,2025-10-24,16,2025-10-30,9,Routine checkup,DR155,1,27,0,Private,0-18
APT00485,PAT02664,Dermatology,Wellness Center,2025-05-02,15,2025-05-10,17,Routine checkup,DR118,0,39,33,Corporate,65+
APT00486,PAT03645,Cardiology,OPD,2025-03-29,15,2025-04-01,17,Follow-up,DR113,1,50,0,Government,36-50
APT00487,PAT06572,Orthopedics,Wellness Center,2025-09-23,18,2025-09-30,16,Follow-up,DR197,0,37,37,Government,65+
APT00488,PAT06217,Orthopedics,Wellness Center,2025-05-05,8,2025-05-07,14,Follow-up,DR173,0,58,24,Self-pay,51-65
APT00489,PAT02949,ENT,Wellness Center,2025-12-26,15,2026-01-05,9,Preventive screening,DR163,0,25,38,Corporate,65+
APT00490,PAT01036,General Medicine,Wellness Center,2025-03-17,16,2025-03-31,11,Routine checkup,DR184,0,20,15,Government,36-50
APT00491,PAT07444,Orthopedics,Specialist Clinic,2025-06-17,8,2025-06-28,14,Chronic disease management,DR157,1,16,0,Private,51-65
APT00492,PAT03854,Cardiology,OPD,2025-10-19,17,2025-10-22,11,Acute illness,DR172,0,35,24,Self-pay,65+
APT00493,PAT09877,Gynecology,Specialist Clinic,2025-10-30,16,2025-11-08,9,Follow-up,DR116,0,12,37,Private,0-18
APT00494,PAT09884,Dermatology,Wellness Center,2025-11-06,17,2025-11-18,13,Chronic disease management,DR137,0,51,14,Private,65+
APT00495,PAT05645,Cardiology,Specialist Clinic,2025-06-22,15,2025-07-06,17,Chronic disease management,DR158,0,58,39,Self-pay,51-65
APT00496,PAT09912,Orthopedics,Wellness Center,2025-02-16,15,2025-02-22,15,Preventive screening,DR125,0,44,34,Government,0-18
APT00497,PAT02277,Gynecology,OPD,2025-11-12,18,2025-11-20,16,Preventive screening,DR178,0,44,25,Corporate,65+
APT00498,PAT03521,ENT,Emergency,2025-03-18,13,2025-04-01,17,Chronic disease management,DR125,0,41,33,Self-pay,65+
APT00499,PAT04051,General Medicine,Emergency,2025-06-12,13,2025-06-23,9,Acute illness,DR103,0,52,38,Private,51-65
APT00500,PAT01627,Pediatrics,OPD,2025-07-15,18,2025-07-27,10,Follow-up,DR135,0,44,15,Private,36-50
APT00501,PAT07441,Orthopedics,Wellness Center,2025-05-18,17,2025-05-23,15,Follow-up,DR117,0,32,36,Private,19-35
APT00502,PAT05411,Orthopedics,Wellness Center,2025-11-23,11,2025-11-27,12,Chronic disease management,DR173,0,16,20,Corporate,19-35
APT00503,PAT06535,Pediatrics,Wellness Center,2025-05-14,10,2025-05-16,14,Preventive screening,DR121,0,46,15,Corporate,65+
APT00504,PAT07062,Dermatology,OPD,2025-04-24,11,2025-05-08,17,Routine checkup,DR171,0,55,22,Private,36-50
APT00505,PAT07328,Ophthalmology,Specialist Clinic,2025-01-14,8,2025-01-25,14,Preventive screening,DR198,0,53,19,Private,19-35
APT00506,PAT02965,Gynecology,OPD,2025-01-04,9,2025-01-08,16,Chronic disease management,DR161,0,20,11,Government,65+
APT00507,PAT01617,Dermatology,OPD,2025-12-27,13,2026-01-02,12,Preventive screening,DR139,0,15,20,Private,51-65
APT00508,PAT04548,Pediatrics,Emergency,2025-02-25,13,2025-03-03,12,Preventive screening,DR160,0,56,37,Self-pay,19-35
APT00509,PAT05354,Pediatrics,Emergency,2025-08-07,18,2025-08-15,10,Acute illness,DR198,1,60,0,Self-pay,0-18
APT00510,PAT09670,Ophthalmology,OPD,2025-07-01,17,2025-07-04,17,Preventive screening,DR171,0,13,29,Government,51-65
APT00511,PAT09425,Pediatrics,Specialist Clinic,2025-01-04,14,2025-01-09,11,Follow-up,DR142,1,45,0,Corporate,51-65
APT00512,PAT08369,ENT,Wellness Center,2025-01-30,12,2025-02-05,13,Follow-up,DR117,0,41,32,Private,65+
APT00513,PAT06562,Gynecology,Wellness Center,2025-06-22,13,2025-07-04,14,Chronic disease management,DR136,0,21,26,Government,36-50
APT00514,PAT08014,Cardiology,Specialist Clinic,2025-11-11,8,2025-11-13,11,Routine checkup,DR105,0,12,14,Private,36-50
APT00515,PAT04873,Dermatology,Emergency,2025-11-24,18,2025-11-28,10,Acute illness,DR140,1,14,0,Government,0-18
APT00516,PAT04343,Ophthalmology,Wellness Center,2025-06-15,16,2025-06-21,11,Routine checkup,DR136,1,29,0,Private,65+
APT00517,PAT09038,ENT,Emergency,2025-09-26,15,2025-10-06,12,Preventive screening,DR157,0,50,35,Corporate,36-50
APT00518,PAT03125,Orthopedics,Specialist Clinic,2025-11-26,16,2025-12-03,11,Acute illness,DR136,0,23,40,Self-pay,65+
APT00519,PAT02734,Orthopedics,Emergency,2025-04-22,11,2025-05-05,10,Follow-up,DR125,0,48,14,Self-pay,36-50
APT00520,PAT01132,General Medicine,OPD,2025-11-16,16,2025-11-18,12,Preventive screening,DR133,0,41,15,Government,65+
APT00521,PAT08727,General Medicine,Wellness Center,2025-08-26,16,2025-09-01,10,Preventive screening,DR122,0,60,15,Private,51-65
APT00522,PAT06950,Gynecology,Specialist Clinic,2025-08-26,15,2025-09-01,11,Preventive screening,DR119,0,46,40,Self-pay,36-50
APT00523,PAT08431,Cardiology,Wellness Center,2025-03-14,18,2025-03-24,17,Follow-up,DR193,0,16,22,Self-pay,65+
APT00524,PAT08680,Ophthalmology,Emergency,2025-04-04,9,2025-04-16,16,Follow-up,DR125,0,38,35,Government,65+
APT00525,PAT01479,Orthopedics,Specialist Clinic,2025-12-02,10,2025-12-12,11,Follow-up,DR173,0,46,39,Government,51-65
APT00526,PAT02234,ENT,Specialist Clinic,2025-03-29,11,2025-03-31,17,Chronic disease management,DR118,0,25,38,Government,36-50
APT00527,PAT09850,Dermatology,Emergency,2025-12-01,13,2025-12-07,17,Acute illness,DR134,0,36,13,Corporate,51-65
APT00528,PAT05748,Orthopedics,Emergency,2025-09-10,8,2025-09-14,14,Acute illness,DR132,0,46,35,Corporate,65+
APT00529,PAT08189,Ophthalmology,OPD,2025-03-01,10,2025-03-04,11,Preventive screening,DR108,0,20,11,Private,19-35
APT00530,PAT09154,Ophthalmology,OPD,2025-12-08,11,2025-12-18,16,Acute illness,DR117,0,47,40,Government,19-35
APT00531,PAT06968,Cardiology,Wellness Center,2025-03-18,8,2025-03-19,17,Follow-up,DR122,0,12,38,Self-pay,36-50
APT00532,PAT09288,Ophthalmology,Wellness Center,2025-10-11,13,2025-10-19,12,Acute illness,DR185,0,42,21,Government,19-35
APT00533,PAT01662,ENT,Emergency,2025-11-23,8,2025-12-02,13,Acute illness,DR130,0,34,30,Self-pay,65+
APT00534,PAT06683,Cardiology,Emergency,2025-10-21,11,2025-10-27,10,Routine checkup,DR199,0,19,30,Government,65+
APT00535,PAT04257,General Medicine,Wellness Center,2025-06-28,12,2025-07-09,17,Follow-up,DR107,1,49,0,Government,0-18
APT00536,PAT09189,Ophthalmology,OPD,2025-10-23,17,2025-10-30,10,Follow-up,DR150,1,13,0,Government,19-35
APT00537,PAT08542,Orthopedics,Wellness Center,2025-03-01,15,2025-03-05,11,Routine checkup,DR114,1,48,0,Self-pay,0-18
APT00538,PAT03960,ENT,OPD,2025-02-27,9,2025-03-06,9,Preventive screening,DR117,1,56,0,Private,65+
APT00539,PAT04507,Dermatology,OPD,2025-08-13,12,2025-08-17,12,Preventive screening,DR148,0,31,16,Self-pay,19-35
APT00540,PAT02697,Gynecology,Emergency,2025-08-22,12,2025-09-02,11,Routine checkup,DR111,0,28,10,Corporate,65+
APT00541,PAT06351,General Medicine,Emergency,2025-03-13,10,2025-03-19,13,Preventive screening,DR116,0,11,36,Government,36-50
APT00542,PAT02081,ENT,OPD,2025-06-29,11,2025-07-11,14,Follow-up,DR199,0,54,28,Corporate,0-18
APT00543,PAT05513,Ophthalmology,Emergency,2025-02-19,14,2025-02-23,14,Chronic disease management,DR141,1,44,0,Private,51-65
APT00544,PAT01443,Orthopedics,Specialist Clinic,2025-06-07,9,2025-06-20,11,Routine checkup,DR118,0,40,39,Self-pay,51-65
APT00545,PAT09107,Orthopedics,Specialist Clinic,2025-03-05,8,2025-03-11,11,Chronic disease management,DR179,0,13,24,Self-pay,51-65
APT00546,PAT03129,General Medicine,Emergency,2025-08-07,12,2025-08-21,17,Routine checkup,DR143,0,30,18,Government,0-18
APT00547,PAT01960,Gynecology,OPD,2025-04-24,8,2025-05-06,14,Preventive screening,DR163,1,46,0,Corporate,36-50
APT00548,PAT07076,Gynecology,Wellness Center,2025-08-05,17,2025-08-18,14,Acute illness,DR136,0,37,36,Government,19-35
APT00549,PAT05114,Cardiology,Wellness Center,2025-05-09,14,2025-05-17,9,Routine checkup,DR105,0,45,11,Self-pay,65+
APT00550,PAT07759,Dermatology,Emergency,2025-03-04,9,2025-03-05,16,Preventive screening,DR135,1,58,0,Self-pay,51-65
APT00551,PAT09468,General Medicine,OPD,2025-03-24,18,2025-03-31,14,Preventive screening,DR113,0,19,28,Self-pay,0-18
APT00552,PAT04202,General Medicine,OPD,2025-06-25,14,2025-07-07,16,Routine checkup,DR131,0,13,24,Government,36-50
APT00553,PAT09694,Gynecology,Specialist Clinic,2025-02-10,15,2025-02-11,13,Follow-up,DR151,0,21,13,Government,0-18
APT00554,PAT09711,ENT,Specialist Clinic,2025-01-09,15,2025-01-19,15,Preventive screening,DR176,1,26,0,Corporate,0-18
APT00555,PAT04282,General Medicine,Wellness Center,2025-04-15,10,2025-04-17,16,Acute illness,DR155,0,35,23,Government,0-18
APT00556,PAT03264,Cardiology,Wellness Center,2025-06-30,8,2025-07-10,9,Routine checkup,DR134,0,35,23,Corporate,0-18
APT00557,PAT02908,General Medicine,OPD,2025-06-09,15,2025-06-15,16,Preventive screening,DR115,0,26,11,Self-pay,36-50
APT00558,PAT05416,Cardiology,OPD,2025-10-27,13,2025-10-31,12,Routine checkup,DR140,0,60,15,Self-pay,36-50
APT00559,PAT05876,General Medicine,Wellness Center,2025-11-09,14,2025-11-19,17,Preventive screening,DR181,0,24,30,Self-pay,19-35
APT00560,PAT07792,Ophthalmology,Wellness Center,2025-08-26,17,2025-09-05,17,Acute illness,DR113,0,36,39,Corporate,0-18
APT00561,PAT01804,Ophthalmology,Wellness Center,2025-03-18,15,2025-03-22,13,Follow-up,DR129,0,21,34,Private,51-65
APT00562,PAT02866,Gynecology,Wellness Center,2025-04-04,8,2025-04-08,10,Acute illness,DR121,0,37,37,Government,0-18
APT00563,PAT09856,General Medicine,Emergency,2025-04-20,9,2025-04-28,10,Preventive screening,DR107,0,20,31,Self-pay,36-50
APT00564,PAT09404,Cardiology,Wellness Center,2025-02-18,10,2025-03-04,10,Routine checkup,DR156,0,11,33,Private,65+
APT00565,PAT07537,Cardiology,Specialist Clinic,2025-01-16,12,2025-01-30,17,Follow-up,DR120,0,58,13,Corporate,36-50
APT00566,PAT08214,Dermatology,Specialist Clinic,2025-09-25,15,2025-10-04,9,Chronic disease management,DR122,0,13,35,Self-pay,36-50
APT00567,PAT08754,ENT,OPD,2025-10-04,10,2025-10-05,12,Preventive screening,DR172,0,15,19,Corporate,0-18
APT00568,PAT09370,Cardiology,Wellness Center,2025-11-28,18,2025-12-09,13,Follow-up,DR176,0,52,23,Government,51-65
APT00569,PAT01819,Ophthalmology,Specialist Clinic,2025-07-20,8,2025-07-30,14,Follow-up,DR191,0,17,18,Self-pay,65+
APT00570,PAT09099,Pediatrics,Emergency,2025-08-05,10,2025-08-07,16,Acute illness,DR186,0,54,27,Government,36-50
APT00571,PAT08540,Cardiology,Wellness Center,2025-07-13,10,2025-07-19,13,Routine checkup,DR177,0,36,32,Private,65+
APT00572,PAT08033,Dermatology,OPD,2025-07-12,12,2025-07-19,16,Chronic disease management,DR139,0,19,12,Corporate,0-18
APT00573,PAT03332,Pediatrics,Emergency,2025-03-20,13,2025-03-29,12,Preventive screening,DR135,1,44,0,Government,0-18
APT00574,PAT07555,Dermatology,Emergency,2025-09-15,17,2025-09-25,9,Preventive screening,DR117,0,26,22,Corporate,19-35
APT00575,PAT02038,Cardiology,OPD,2025-09-27,12,2025-10-05,10,Follow-up,DR114,0,47,38,Government,36-50
APT00576,PAT04351,Orthopedics,Wellness Center,2025-12-05,9,2025-12-18,12,Follow-up,DR160,0,56,23,Self-pay,36-50
APT00577,PAT06262,General Medicine,OPD,2025-04-06,14,2025-04-10,14,Routine checkup,DR121,0,33,39,Private,36-50
APT00578,PAT02595,Gynecology,Wellness Center,2025-09-11,13,2025-09-14,9,Follow-up,DR189,0,28,18,Self-pay,65+
APT00579,PAT08933,Cardiology,OPD,2025-08-02,16,2025-08-09,11,Acute illness,DR176,0,44,28,Self-pay,65+
APT00580,PAT08564,General Medicine,Emergency,2025-10-05,9,2025-10-17,13,Routine checkup,DR156,0,27,23,Self-pay,19-35
APT00581,PAT07169,Orthopedics,Specialist Clinic,2025-06-17,16,2025-06-27,15,Chronic disease management,DR184,0,44,29,Government,65+
APT00582,PAT09302,Ophthalmology,Wellness Center,2025-07-22,17,2025-08-03,13,Routine checkup,DR141,0,31,28,Private,36-50
APT00583,PAT03208,Cardiology,Emergency,2025-12-04,8,2025-12-05,16,Acute illness,DR131,0,54,39,Corporate,0-18
APT00584,PAT07921,Cardiology,OPD,2025-06-29,11,2025-07-01,17,Chronic disease management,DR150,0,23,23,Private,19-35
APT00585,PAT05258,Orthopedics,Specialist Clinic,2025-07-30,13,2025-08-11,9,Preventive screening,DR162,1,10,0,Self-pay,0-18
APT00586,PAT05894,Gynecology,Specialist Clinic,2025-11-01,10,2025-11-12,9,Acute illness,DR148,0,34,31,Private,65+
APT00587,PAT01819,ENT,Specialist Clinic,2025-11-11,14,2025-11-18,13,Follow-up,DR101,0,60,39,Private,36-50
APT00588,PAT08259,Pediatrics,Specialist Clinic,2025-08-05,16,2025-08-19,9,Chronic disease management,DR157,0,60,40,Private,36-50
APT00589,PAT04973,General Medicine,Specialist Clinic,2025-04-24,12,2025-04-28,15,Preventive screening,DR116,0,50,15,Corporate,36-50
APT00590,PAT06472,General Medicine,Specialist Clinic,2025-12-25,11,2025-12-30,9,Routine checkup,DR188,1,53,0,Corporate,19-35
APT00591,PAT03966,Orthopedics,Wellness Center,2025-04-06,14,2025-04-08,16,Preventive screening,DR139,0,35,14,Private,65+
APT00592,PAT03897,General Medicine,Specialist Clinic,2025-02-04,9,2025-02-11,10,Acute illness,DR164,1,26,0,Corporate,0-18
APT00593,PAT09458,General Medicine,Wellness Center,2025-01-04,15,2025-01-17,16,Chronic disease management,DR116,1,22,0,Self-pay,19-35
APT00594,PAT01223,Pediatrics,Specialist Clinic,2025-10-23,15,2025-11-02,11,Preventive screening,DR133,0,20,30,Corporate,0-18
APT00595,PAT01876,Cardiology,Emergency,2025-03-17,16,2025-03-29,13,Follow-up,DR194,0,58,38,Corporate,36-50
APT00596,PAT07322,Pediatrics,OPD,2025-04-27,15,2025-05-04,17,Acute illness,DR181,0,20,21,Private,65+
APT00597,PAT04810,Orthopedics,Specialist Clinic,2025-03-31,12,2025-04-05,14,Acute illness,DR106,0,12,31,Corporate,36-50
APT00598,PAT08654,Pediatrics,Specialist Clinic,2025-06-06,10,2025-06-17,12,Routine checkup,DR114,0,18,40,Government,19-35
APT00599,PAT02390,Ophthalmology,Wellness Center,2025-08-18,15,2025-08-23,15,Follow-up,DR131,0,52,19,Government,51-65
APT00600,PAT09829,Dermatology,Wellness Center,2025-03-28,18,2025-03-29,11,Routine checkup,DR160,0,32,32,Self-pay,65+
APT00601,PAT07341,Cardiology,Emergency,2025-02-01,8,2025-02-14,13,Acute illness,DR191,0,50,16,Self-pay,51-65
APT00602,PAT09934,Dermatology,Emergency,2025-11-08,12,2025-11-21,12,Acute illness,DR129,0,29,10,Self-pay,0-18
APT00603,PAT09276,ENT,Specialist Clinic,2025-09-21,16,2025-09-23,10,Preventive screening,DR144,0,21,18,Private,36-50
APT00604,PAT01876,Gynecology,Emergency,2025-12-10,16,2025-12-16,14,Routine checkup,DR160,0,48,29,Government,51-65
APT00605,PAT06251,Cardiology,Emergency,2025-12-27,18,2026-01-09,10,Follow-up,DR168,1,39,0,Private,65+
APT00606,PAT09645,ENT,Emergency,2025-07-17,17,2025-07-30,9,Acute illness,DR140,0,40,28,Government,51-65
APT00607,PAT05158,Ophthalmology,Wellness Center,2025-02-23,11,2025-02-28,9,Routine checkup,DR193,0,48,27,Corporate,36-50
APT00608,PAT04709,Orthopedics,Wellness Center,2025-03-31,10,2025-04-05,17,Follow-up,DR130,0,46,35,Self-pay,19-35
APT00609,PAT03574,Ophthalmology,Emergency,2025-02-27,10,2025-03-10,17,Chronic disease management,DR106,1,55,0,Government,19-35
APT00610,PAT01244,General Medicine,Emergency,2025-03-16,11,2025-03-18,11,Routine checkup,DR102,0,14,32,Corporate,51-65
APT00611,PAT01488,Cardiology,Wellness Center,2025-08-11,14,2025-08-18,10,Routine checkup,DR170,1,15,0,Private,19-35
APT00612,PAT04854,Cardiology,Specialist Clinic,2025-07-10,13,2025-07-17,12,Routine checkup,DR175,0,42,34,Self-pay,51-65
APT00613,PAT06068,Orthopedics,Wellness Center,2025-05-22,17,2025-05-29,14,Routine checkup,DR104,0,10,16,Self-pay,51-65
APT00614,PAT05570,General Medicine,Specialist Clinic,2025-07-26,17,2025-07-29,15,Preventive screening,DR109,0,31,10,Self-pay,51-65
APT00615,PAT02507,ENT,OPD,2025-08-10,8,2025-08-21,15,Acute illness,DR138,0,15,32,Self-pay,19-35
APT00616,PAT02647,Ophthalmology,Wellness Center,2025-05-25,17,2025-05-26,13,Chronic disease management,DR160,0,12,26,Self-pay,36-50
APT00617,PAT09982,Dermatology,Emergency,2025-10-15,12,2025-10-28,17,Follow-up,DR148,0,44,33,Corporate,19-35
APT00618,PAT09650,Ophthalmology,Emergency,2025-07-18,16,2025-07-28,15,Chronic disease management,DR171,0,43,38,Self-pay,51-65
APT00619,PAT02190,Ophthalmology,Specialist Clinic,2025-09-28,8,2025-10-09,14,Chronic disease management,DR154,0,21,21,Corporate,0-18
APT00620,PAT04878,ENT,Emergency,2025-10-19,8,2025-10-27,10,Follow-up,DR155,1,54,0,Private,51-65
APT00621,PAT05959,Orthopedics,OPD,2025-11-20,16,2025-11-29,9,Chronic disease management,DR147,0,18,40,Self-pay,51-65
APT00622,PAT02929,Pediatrics,Wellness Center,2025-07-04,15,2025-07-10,16,Acute illness,DR190,0,15,31,Government,51-65
APT00623,PAT02582,Orthopedics,Emergency,2025-06-01,12,2025-06-08,10,Chronic disease management,DR191,0,47,22,Government,51-65
APT00624,PAT08823,Orthopedics,Specialist Clinic,2025-05-17,16,2025-05-20,10,Preventive screening,DR106,0,55,38,Private,36-50
APT00625,PAT06678,Cardiology,Specialist Clinic,2025-05-17,13,2025-05-20,16,Routine checkup,DR140,0,37,34,Government,0-18
APT00626,PAT07015,Orthopedics,Wellness Center,2025-10-23,8,2025-10-26,9,Routine checkup,DR108,0,50,22,Government,36-50
APT00627,PAT04461,General Medicine,Emergency,2025-07-29,12,2025-08-03,16,Follow-up,DR164,0,20,39,Private,36-50
APT00628,PAT09465,Cardiology,Emergency,2025-01-03,10,2025-01-04,13,Preventive screening,DR130,0,15,14,Corporate,0-18
APT00629,PAT02079,Pediatrics,OPD,2025-07-19,13,2025-07-28,17,Routine checkup,DR111,1,17,0,Private,0-18
APT00630,PAT02789,Ophthalmology,OPD,2025-11-09,13,2025-11-12,11,Preventive screening,DR110,0,57,38,Self-pay,36-50
APT00631,PAT03230,Ophthalmology,Emergency,2025-04-27,8,2025-05-11,9,Preventive screening,DR109,1,37,0,Private,0-18
APT00632,PAT02419,Gynecology,Specialist Clinic,2025-01-03,16,2025-01-11,14,Acute illness,DR129,0,51,14,Corporate,51-65
APT00633,PAT07752,Dermatology,Specialist Clinic,2025-10-31,10,2025-11-09,13,Acute illness,DR160,0,59,13,Corporate,0-18
APT00634,PAT04312,Orthopedics,Specialist Clinic,2025-11-16,16,2025-11-29,10,Follow-up,DR198,0,56,34,Self-pay,0-18
APT00635,PAT07607,General Medicine,Emergency,2025-05-13,18,2025-05-19,11,Routine checkup,DR159,1,28,0,Government,36-50
APT00636,PAT03480,Dermatology,Wellness Center,2025-08-13,16,2025-08-18,9,Preventive screening,DR134,0,44,23,Self-pay,51-65
APT00637,PAT05118,Dermatology,Specialist Clinic,2025-08-18,16,2025-08-22,17,Follow-up,DR170,0,29,40,Government,36-50
APT00638,PAT03259,Gynecology,OPD,2025-04-27,13,2025-05-04,14,Routine checkup,DR157,0,38,39,Private,0-18
APT00639,PAT06774,Ophthalmology,OPD,2025-07-21,13,2025-07-27,15,Follow-up,DR126,0,46,15,Self-pay,65+
APT00640,PAT06317,Pediatrics,OPD,2025-01-18,8,2025-01-27,16,Acute illness,DR193,0,11,31,Self-pay,19-35
APT00641,PAT09315,Cardiology,Wellness Center,2025-02-21,9,2025-02-23,9,Follow-up,DR142,0,28,32,Corporate,51-65
APT00642,PAT01389,Orthopedics,Wellness Center,2025-01-28,17,2025-02-08,14,Follow-up,DR140,0,27,32,Self-pay,19-35
APT00643,PAT06140,Orthopedics,Specialist Clinic,2025-01-01,8,2025-01-03,9,Follow-up,DR153,0,58,35,Self-pay,0-18
APT00644,PAT03999,Pediatrics,Specialist Clinic,2025-06-13,18,2025-06-15,13,Preventive screening,DR181,0,49,20,Self-pay,51-65
APT00645,PAT08257,Ophthalmology,Emergency,2025-05-25,10,2025-05-26,16,Chronic disease management,DR170,1,13,0,Private,65+
APT00646,PAT02077,General Medicine,OPD,2025-12-12,8,2025-12-18,15,Acute illness,DR186,0,49,16,Private,0-18
APT00647,PAT06705,Cardiology,Emergency,2025-04-15,8,2025-04-27,12,Preventive screening,DR105,1,42,0,Private,0-18
APT00648,PAT02536,Gynecology,Emergency,2025-02-06,18,2025-02-15,14,Chronic disease management,DR178,0,21,40,Private,36-50
APT00649,PAT06920,Pediatrics,Wellness Center,2025-05-05,9,2025-05-11,9,Routine checkup,DR152,1,41,0,Self-pay,0-18
APT00650,PAT09970,ENT,OPD,2025-07-23,9,2025-08-02,17,Preventive screening,DR191,0,38,25,Private,0-18
APT00651,PAT03053,Ophthalmology,Emergency,2025-12-23,18,2025-12-27,12,Chronic disease management,DR136,0,29,28,Private,19-35
APT00652,PAT07176,ENT,Emergency,2025-01-11,13,2025-01-12,14,Routine checkup,DR127,0,20,30,Private,0-18
APT00653,PAT06129,Dermatology,Specialist Clinic,2025-02-07,10,2025-02-15,15,Follow-up,DR136,0,16,24,Private,19-35
APT00654,PAT03448,Orthopedics,Emergency,2025-10-26,11,2025-10-27,13,Acute illness,DR112,0,14,10,Self-pay,65+
APT00655,PAT01760,ENT,Specialist Clinic,2025-01-21,11,2025-02-01,9,Chronic disease management,DR171,0,36,26,Private,19-35
APT00656,PAT07432,Cardiology,Wellness Center,2025-01-08,11,2025-01-11,11,Chronic disease management,DR100,0,28,38,Private,51-65
APT00657,PAT04048,Ophthalmology,OPD,2025-06-21,10,2025-07-04,15,Acute illness,DR121,0,35,11,Government,19-35
APT00658,PAT03317,Orthopedics,Wellness Center,2025-08-03,13,2025-08-14,14,Chronic disease management,DR123,0,14,18,Corporate,51-65
APT00659,PAT08289,Orthopedics,OPD,2025-01-13,9,2025-01-25,14,Follow-up,DR128,1,55,0,Self-pay,19-35
APT00660,PAT03800,Orthopedics,OPD,2025-04-07,13,2025-04-14,17,Routine checkup,DR166,1,46,0,Corporate,0-18
APT00661,PAT02836,Cardiology,Wellness Center,2025-12-18,11,2025-12-24,17,Acute illness,DR142,0,45,27,Self-pay,65+
APT00662,PAT08707,Ophthalmology,Emergency,2025-06-10,9,2025-06-20,15,Chronic disease management,DR166,0,12,32,Self-pay,36-50
APT00663,PAT07151,Dermatology,Emergency,2025-05-02,16,2025-05-10,16,Follow-up,DR165,1,27,0,Private,36-50
APT00664,PAT03262,Cardiology,Emergency,2025-01-28,15,2025-02-08,11,Routine checkup,DR106,0,21,27,Government,65+
APT00665,PAT04746,Orthopedics,Emergency,2025-05-31,18,2025-06-09,11,Routine checkup,DR132,0,15,18,Private,51-65
APT00666,PAT09599,Dermatology,OPD,2025-05-23,9,2025-06-03,15,Acute illness,DR173,0,48,32,Government,0-18
APT00667,PAT04405,General Medicine,OPD,2025-12-11,12,2025-12-14,11,Follow-up,DR116,1,18,0,Corporate,51-65
APT00668,PAT02691,Orthopedics,Emergency,2025-07-03,13,2025-07-17,12,Routine checkup,DR199,0,58,14,Self-pay,51-65
APT00669,PAT04228,ENT,OPD,2025-06-21,18,2025-06-22,9,Acute illness,DR191,0,60,29,Government,51-65
APT00670,PAT02572,Pediatrics,Emergency,2025-08-22,10,2025-08-30,10,Routine checkup,DR183,0,20,29,Self-pay,51-65
APT00671,PAT07195,Cardiology,OPD,2025-12-16,10,2025-12-30,17,Follow-up,DR115,0,60,10,Private,19-35
APT00672,PAT07342,Gynecology,Wellness Center,2025-10-05,10,2025-10-19,11,Chronic disease management,DR110,1,22,0,Self-pay,51-65
APT00673,PAT07038,General Medicine,Wellness Center,2025-09-07,14,2025-09-08,16,Routine checkup,DR149,0,24,32,Corporate,19-35
APT00674,PAT01990,ENT,Specialist Clinic,2025-02-13,17,2025-02-23,13,Acute illness,DR138,0,51,11,Corporate,51-65
APT00675,PAT04089,Gynecology,Emergency,2025-07-20,17,2025-07-24,15,Acute illness,DR101,0,29,30,Corporate,19-35
APT00676,PAT07313,Orthopedics,Emergency,2025-08-21,14,2025-08-25,10,Routine checkup,DR137,0,19,18,Government,51-65
APT00677,PAT06252,Pediatrics,Specialist Clinic,2025-12-07,18,2025-12-10,11,Routine checkup,DR186,0,42,37,Self-pay,65+
APT00678,PAT07677,Cardiology,Emergency,2025-09-10,18,2025-09-20,12,Acute illness,DR191,0,15,31,Corporate,36-50
APT00679,PAT03195,Pediatrics,Specialist Clinic,2025-04-23,15,2025-04-27,11,Acute illness,DR185,0,13,21,Government,19-35
APT00680,PAT01569,Dermatology,Emergency,2025-05-06,9,2025-05-11,10,Acute illness,DR185,0,43,25,Corporate,0-18
APT00681,PAT08649,Gynecology,Wellness Center,2025-07-11,17,2025-07-23,13,Preventive screening,DR142,0,60,24,Corporate,65+
APT00682,PAT06496,Gynecology,Emergency,2025-12-31,13,2026-01-12,12,Preventive screening,DR147,0,46,25,Private,51-65
APT00683,PAT02041,ENT,Wellness Center,2025-07-17,11,2025-07-29,13,Follow-up,DR110,0,21,20,Private,36-50
APT00684,PAT06019,General Medicine,OPD,2025-01-12,13,2025-01-21,11,Preventive screening,DR176,0,19,20,Private,65+
APT00685,PAT03977,Gynecology,OPD,2025-07-15,11,2025-07-22,9,Preventive screening,DR135,0,18,17,Private,65+
APT00686,PAT05684,Orthopedics,OPD,2025-03-02,18,2025-03-07,13,Chronic disease management,DR174,0,22,17,Government,51-65
APT00687,PAT04497,Pediatrics,OPD,2025-03-01,15,2025-03-06,15,Follow-up,DR184,0,59,24,Government,0-18
APT00688,PAT02998,General Medicine,Wellness Center,2025-12-15,16,2025-12-16,14,Follow-up,DR118,0,17,12,Private,65+
APT00689,PAT04426,Gynecology,Specialist Clinic,2025-08-17,18,2025-08-19,13,Follow-up,DR155,0,42,35,Corporate,36-50
APT00690,PAT09146,Ophthalmology,Emergency,2025-05-17,18,2025-05-31,11,Routine checkup,DR188,1,43,0,Corporate,36-50
APT00691,PAT03163,Ophthalmology,Wellness Center,2025-03-17,14,2025-03-21,14,Preventive screening,DR124,0,22,24,Self-pay,0-18
APT00692,PAT06850,General Medicine,Emergency,2025-05-23,15,2025-05-24,17,Routine checkup,DR103,0,33,20,Self-pay,0-18
APT00693,PAT03919,Ophthalmology,Emergency,2025-01-13,9,2025-01-16,13,Follow-up,DR140,0,39,31,Government,0-18
APT00694,PAT03022,Gynecology,Emergency,2025-08-06,14,2025-08-07,17,Routine checkup,DR163,0,20,39,Self-pay,19-35
APT00695,PAT06751,ENT,Emergency,2025-03-04,16,2025-03-08,15,Follow-up,DR192,0,11,29,Government,65+
APT00696,PAT06635,Ophthalmology,Emergency,2025-11-20,13,2025-12-04,14,Follow-up,DR130,0,19,15,Government,51-65
APT00697,PAT03855,Dermatology,OPD,2025-04-27,12,2025-05-09,14,Preventive screening,DR188,0,54,36,Government,36-50
APT00698,PAT02427,Dermatology,Specialist Clinic,2025-04-26,8,2025-04-29,16,Preventive screening,DR111,0,13,27,Corporate,0-18
APT00699,PAT02979,ENT,Emergency,2025-09-19,11,2025-09-22,15,Routine checkup,DR112,0,10,25,Self-pay,19-35
APT00700,PAT04641,Pediatrics,Emergency,2025-07-22,9,2025-07-24,16,Preventive screening,DR190,0,58,18,Private,51-65
APT00701,PAT05303,Pediatrics,Emergency,2025-09-02,10,2025-09-06,12,Follow-up,DR188,0,19,14,Government,65+
APT00702,PAT05784,Cardiology,Specialist Clinic,2025-01-09,10,2025-01-20,14,Chronic disease management,DR185,0,57,28,Government,19-35
APT00703,PAT07177,Pediatrics,Emergency,2025-04-02,17,2025-04-14,14,Follow-up,DR147,0,51,11,Corporate,19-35
APT00704,PAT05008,Ophthalmology,OPD,2025-11-22,18,2025-12-05,10,Chronic disease management,DR107,0,27,22,Corporate,36-50
APT00705,PAT06165,Dermatology,Emergency,2025-02-23,16,2025-03-09,13,Routine checkup,DR183,1,45,0,Private,19-35
APT00706,PAT07313,Cardiology,Emergency,2025-01-07,14,2025-01-18,9,Chronic disease management,DR136,0,52,22,Government,65+
APT00707,PAT06141,Pediatrics,Specialist Clinic,2025-08-31,15,2025-09-11,9,Acute illness,DR140,0,26,28,Self-pay,19-35
APT00708,PAT08014,Cardiology,Specialist Clinic,2025-11-17,9,2025-11-28,10,Chronic disease management,DR198,0,53,20,Private,51-65
APT00709,PAT07159,Cardiology,Emergency,2025-05-20,17,2025-05-21,14,Preventive screening,DR170,0,41,21,Government,0-18
APT00710,PAT01297,General Medicine,Specialist Clinic,2025-09-02,10,2025-09-15,15,Follow-up,DR185,0,10,12,Corporate,0-18
APT00711,PAT02200,Cardiology,Emergency,2025-03-11,17,2025-03-23,12,Preventive screening,DR179,0,35,24,Corporate,51-65
APT00712,PAT03702,Ophthalmology,Wellness Center,2025-01-19,15,2025-01-29,16,Follow-up,DR110,0,48,34,Government,19-35
APT00713,PAT01463,ENT,Wellness Center,2025-08-13,13,2025-08-24,17,Chronic disease management,DR179,0,40,30,Corporate,36-50
APT00714,PAT06058,Dermatology,Emergency,2025-05-02,9,2025-05-16,10,Preventive screening,DR142,0,29,16,Self-pay,65+
APT00715,PAT03042,Pediatrics,Emergency,2025-12-11,8,2025-12-23,11,Routine checkup,DR175,0,14,21,Self-pay,36-50
APT00716,PAT05633,ENT,Wellness Center,2025-09-06,12,2025-09-19,16,Routine checkup,DR191,0,13,10,Government,51-65
APT00717,PAT09925,ENT,Wellness Center,2025-10-15,15,2025-10-23,15,Acute illness,DR173,0,38,28,Corporate,36-50
APT00718,PAT06694,Dermatology,Wellness Center,2025-02-15,8,2025-02-22,13,Acute illness,DR104,0,11,23,Government,36-50
APT00719,PAT01616,Dermatology,Wellness Center,2025-06-11,12,2025-06-23,15,Chronic disease management,DR123,0,39,24,Self-pay,0-18
APT00720,PAT07228,Pediatrics,Emergency,2025-11-22,13,2025-12-02,12,Routine checkup,DR188,1,33,0,Corporate,0-18
APT00721,PAT09667,Pediatrics,Emergency,2025-04-02,15,2025-04-08,15,Follow-up,DR154,1,29,0,Government,0-18
APT00722,PAT06495,Gynecology,Wellness Center,2025-06-10,13,2025-06-20,13,Preventive screening,DR184,0,37,17,Private,36-50
APT00723,PAT06036,Gynecology,Specialist Clinic,2025-05-15,9,2025-05-29,13,Chronic disease management,DR115,0,35,28,Government,65+
APT00724,PAT08387,Gynecology,Specialist Clinic,2025-05-05,11,2025-05-19,13,Preventive screening,DR133,0,11,26,Government,19-35
APT00725,PAT03102,Pediatrics,Wellness Center,2025-04-25,11,2025-04-26,17,Chronic disease management,DR174,0,27,13,Government,19-35
APT00726,PAT03839,Ophthalmology,OPD,2025-02-23,15,2025-02-24,9,Preventive screening,DR141,1,29,0,Private,19-35
APT00727,PAT08743,ENT,Emergency,2025-05-27,10,2025-06-07,9,Follow-up,DR101,0,12,19,Private,65+
APT00728,PAT02050,Gynecology,Emergency,2025-08-10,17,2025-08-24,12,Chronic disease management,DR106,0,11,14,Private,0-18
APT00729,PAT08560,Cardiology,Specialist Clinic,2025-03-11,14,2025-03-24,14,Chronic disease management,DR190,0,48,22,Government,36-50
APT00730,PAT08049,Ophthalmology,OPD,2025-10-26,17,2025-11-01,12,Routine checkup,DR133,0,55,21,Private,19-35
APT00731,PAT04625,Pediatrics,OPD,2025-05-13,9,2025-05-25,12,Chronic disease management,DR170,0,33,11,Government,36-50
APT00732,PAT03223,ENT,OPD,2025-04-04,11,2025-04-08,12,Acute illness,DR158,1,28,0,Government,36-50
APT00733,PAT04800,Cardiology,Wellness Center,2025-07-28,17,2025-08-01,15,Chronic disease management,DR194,1,54,0,Corporate,65+
APT00734,PAT03307,Pediatrics,Specialist Clinic,2025-01-15,14,2025-01-16,9,Follow-up,DR183,0,15,30,Corporate,51-65
APT00735,PAT01615,Ophthalmology,Specialist Clinic,2025-05-27,11,2025-05-29,14,Routine checkup,DR119,0,24,27,Private,0-18
APT00736,PAT06543,Gynecology,Emergency,2025-03-25,15,2025-03-28,14,Follow-up,DR125,0,22,14,Government,65+
APT00737,PAT06409,Orthopedics,Wellness Center,2025-04-30,17,2025-05-01,10,Follow-up,DR126,1,10,0,Government,0-18
APT00738,PAT08224,Gynecology,OPD,2025-04-23,9,2025-04-27,15,Preventive screening,DR146,0,10,24,Corporate,19-35
APT00739,PAT06164,Pediatrics,Emergency,2025-09-02,8,2025-09-12,11,Acute illness,DR182,0,33,16,Self-pay,0-18
APT00740,PAT03795,Gynecology,Emergency,2025-03-30,8,2025-04-03,12,Acute illness,DR191,0,60,14,Self-pay,19-35
APT00741,PAT01268,Ophthalmology,OPD,2025-10-04,15,2025-10-09,11,Follow-up,DR184,1,18,0,Private,0-18
APT00742,PAT07776,Ophthalmology,Specialist Clinic,2025-07-11,18,2025-07-12,17,Preventive screening,DR193,0,59,40,Self-pay,51-65
APT00743,PAT05267,Ophthalmology,Wellness Center,2025-11-25,9,2025-12-06,11,Acute illness,DR106,0,34,21,Government,65+
APT00744,PAT06562,Ophthalmology,OPD,2025-08-14,10,2025-08-17,11,Acute illness,DR176,0,12,35,Private,51-65
APT00745,PAT09308,Gynecology,Emergency,2025-07-21,11,2025-08-03,16,Follow-up,DR180,0,22,24,Self-pay,19-35
APT00746,PAT01772,Cardiology,OPD,2025-02-21,16,2025-02-24,16,Chronic disease management,DR105,0,25,32,Private,65+
APT00747,PAT02211,General Medicine,Wellness Center,2025-08-01,8,2025-08-14,16,Acute illness,DR188,0,12,35,Government,65+
APT00748,PAT05125,Cardiology,Specialist Clinic,2025-03-19,10,2025-03-25,14,Routine checkup,DR163,0,16,15,Government,19-35
APT00749,PAT08444,Gynecology,Emergency,2025-09-10,10,2025-09-17,9,Acute illness,DR137,0,19,14,Self-pay,51-65
APT00750,PAT05270,Pediatrics,Wellness Center,2025-04-01,11,2025-04-08,12,Routine checkup,DR188,0,44,36,Government,19-35
APT00751,PAT01303,Gynecology,Specialist Clinic,2025-05-29,16,2025-06-03,17,Preventive screening,DR165,0,48,28,Private,0-18
APT00752,PAT01169,General Medicine,Specialist Clinic,2025-05-19,17,2025-05-27,15,Chronic disease management,DR187,0,32,12,Private,19-35
APT00753,PAT03976,Ophthalmology,Wellness Center,2025-12-16,14,2025-12-24,12,Follow-up,DR176,0,57,20,Corporate,19-35
APT00754,PAT08768,Ophthalmology,Specialist Clinic,2025-05-18,10,2025-05-21,11,Acute illness,DR172,0,19,10,Corporate,0-18
APT00755,PAT03192,Cardiology,OPD,2025-07-24,18,2025-07-30,14,Chronic disease management,DR192,0,20,14,Private,0-18
APT00756,PAT03484,ENT,Specialist Clinic,2025-02-06,13,2025-02-12,15,Follow-up,DR155,0,25,24,Government,51-65
APT00757,PAT03947,Gynecology,OPD,2025-03-30,14,2025-04-13,15,Routine checkup,DR142,0,52,18,Self-pay,65+
APT00758,PAT02752,Dermatology,Emergency,2025-06-23,18,2025-06-25,17,Routine checkup,DR105,1,27,0,Government,19-35
APT00759,PAT03487,Cardiology,OPD,2025-02-02,10,2025-02-16,10,Acute illness,DR195,0,28,26,Self-pay,36-50
APT00760,PAT09778,ENT,Wellness Center,2025-10-03,14,2025-10-06,13,Routine checkup,DR113,0,58,28,Self-pay,65+
APT00761,PAT06006,General Medicine,Emergency,2025-06-17,18,2025-06-22,9,Routine checkup,DR149,0,21,28,Corporate,51-65
APT00762,PAT06139,Ophthalmology,Specialist Clinic,2025-11-23,14,2025-12-02,15,Acute illness,DR151,0,57,19,Self-pay,65+
APT00763,PAT03953,Orthopedics,OPD,2025-08-11,17,2025-08-23,11,Preventive screening,DR118,0,21,12,Government,19-35
APT00764,PAT03672,Cardiology,Specialist Clinic,2025-01-09,16,2025-01-14,12,Routine checkup,DR136,1,56,0,Corporate,65+
APT00765,PAT08315,Cardiology,Emergency,2025-10-18,14,2025-10-31,13,Chronic disease management,DR188,0,43,13,Government,65+
APT00766,PAT01326,Cardiology,OPD,2025-12-24,11,2025-12-28,15,Preventive screening,DR152,0,11,33,Government,0-18
APT00767,PAT03642,Pediatrics,Specialist Clinic,2025-02-01,11,2025-02-02,17,Preventive screening,DR124,0,16,10,Private,0-18
APT00768,PAT09674,Orthopedics,Emergency,2025-06-17,16,2025-06-30,9,Acute illness,DR170,0,54,15,Corporate,65+
APT00769,PAT07522,General Medicine,Wellness Center,2025-03-29,10,2025-04-09,16,Preventive screening,DR131,1,24,0,Government,65+
APT00770,PAT04339,ENT,Emergency,2025-04-16,15,2025-04-30,15,Routine checkup,DR164,0,31,30,Self-pay,65+
APT00771,PAT05060,ENT,Wellness Center,2025-07-26,16,2025-07-29,13,Routine checkup,DR100,0,14,16,Government,65+
APT00772,PAT03496,Dermatology,OPD,2025-03-22,18,2025-03-26,17,Chronic disease management,DR193,0,24,21,Government,51-65
APT00773,PAT06330,Cardiology,OPD,2025-11-04,14,2025-11-16,16,Preventive screening,DR149,0,16,30,Self-pay,51-65
APT00774,PAT03736,Pediatrics,OPD,2025-11-19,18,2025-12-01,17,Chronic disease management,DR112,0,51,36,Private,19-35
APT00775,PAT08284,Orthopedics,Wellness Center,2025-02-08,9,2025-02-18,16,Chronic disease management,DR188,0,17,21,Corporate,65+
APT00776,PAT05897,Dermatology,Specialist Clinic,2025-10-01,18,2025-10-12,16,Follow-up,DR194,0,53,10,Government,51-65
APT00777,PAT03798,ENT,Specialist Clinic,2025-07-12,17,2025-07-18,10,Follow-up,DR141,0,38,16,Private,65+
APT00778,PAT04662,Orthopedics,Specialist Clinic,2025-09-17,18,2025-09-27,15,Routine checkup,DR197,0,38,33,Private,19-35
APT00779,PAT08785,General Medicine,Emergency,2025-10-24,17,2025-11-07,15,Preventive screening,DR175,0,29,12,Corporate,65+
APT00780,PAT01063,Ophthalmology,Wellness Center,2025-11-13,12,2025-11-20,16,Acute illness,DR171,1,32,0,Private,51-65
APT00781,PAT09258,Dermatology,Specialist Clinic,2025-05-22,9,2025-05-24,15,Preventive screening,DR131,0,28,36,Corporate,65+
APT00782,PAT09788,Dermatology,OPD,2025-11-19,14,2025-11-25,13,Chronic disease management,DR168,0,11,18,Private,36-50
APT00783,PAT09433,Orthopedics,Wellness Center,2025-01-06,8,2025-01-19,14,Follow-up,DR115,0,12,15,Corporate,19-35
APT00784,PAT02002,ENT,OPD,2025-08-23,16,2025-08-24,11,Acute illness,DR168,0,26,21,Self-pay,19-35
APT00785,PAT01674,Dermatology,Specialist Clinic,2025-01-01,15,2025-01-10,13,Chronic disease management,DR170,0,25,29,Corporate,36-50
APT00786,PAT04875,Pediatrics,OPD,2025-02-24,10,2025-03-05,16,Acute illness,DR101,0,13,10,Government,0-18
APT00787,PAT07607,ENT,OPD,2025-12-14,17,2025-12-20,14,Follow-up,DR102,0,32,22,Private,0-18
APT00788,PAT09869,Dermatology,Specialist Clinic,2025-10-13,14,2025-10-18,16,Chronic disease management,DR106,0,42,34,Corporate,0-18
APT00789,PAT01572,Ophthalmology,OPD,2025-12-01,9,2025-12-03,12,Preventive screening,DR147,0,54,13,Self-pay,19-35
APT00790,PAT05129,Gynecology,Emergency,2025-05-19,17,2025-05-24,9,Preventive screening,DR161,0,27,31,Private,51-65
APT00791,PAT01632,Pediatrics,Wellness Center,2025-10-14,10,2025-10-21,11,Routine checkup,DR141,0,32,29,Corporate,51-65
APT00792,PAT04018,ENT,Emergency,2025-03-12,9,2025-03-18,9,Acute illness,DR130,0,23,39,Private,51-65
APT00793,PAT07370,Ophthalmology,Specialist Clinic,2025-01-16,16,2025-01-21,13,Acute illness,DR147,0,48,17,Corporate,36-50
APT00794,PAT06120,Dermatology,OPD,2025-03-29,15,2025-03-31,10,Follow-up,DR136,0,31,33,Private,19-35
APT00795,PAT05081,General Medicine,Wellness Center,2025-02-22,10,2025-02-25,11,Routine checkup,DR108,1,55,0,Corporate,19-35
APT00796,PAT07973,Ophthalmology,Specialist Clinic,2025-11-24,16,2025-11-27,17,Follow-up,DR179,0,32,27,Private,36-50
APT00797,PAT06001,Orthopedics,Emergency,2025-10-11,18,2025-10-17,14,Follow-up,DR191,0,30,13,Corporate,0-18
APT00798,PAT02376,Ophthalmology,Wellness Center,2025-09-15,9,2025-09-21,9,Acute illness,DR106,0,43,37,Self-pay,36-50
APT00799,PAT08440,Cardiology,Specialist Clinic,2025-06-07,12,2025-06-17,16,Follow-up,DR197,0,33,30,Government,36-50
APT00800,PAT05846,Ophthalmology,OPD,2025-03-14,15,2025-03-19,10,Acute illness,DR174,0,29,32,Corporate,19-35
APT00801,PAT04790,Dermatology,Wellness Center,2025-05-14,16,2025-05-19,17,Routine checkup,DR128,1,22,0,Self-pay,65+
APT00802,PAT02124,Cardiology,Emergency,2025-04-22,11,2025-04-29,17,Chronic disease management,DR123,0,37,39,Self-pay,65+
APT00803,PAT02119,Orthopedics,Specialist Clinic,2025-08-31,10,2025-09-09,16,Chronic disease management,DR160,0,22,10,Private,65+
APT00804,PAT06135,Pediatrics,Emergency,2025-08-11,9,2025-08-14,16,Acute illness,DR152,0,30,36,Government,36-50
APT00805,PAT02759,General Medicine,Specialist Clinic,2025-04-26,14,2025-05-04,16,Follow-up,DR137,1,27,0,Corporate,51-65
APT00806,PAT07207,Ophthalmology,Emergency,2025-02-14,17,2025-02-26,15,Chronic disease management,DR108,0,29,17,Government,51-65
APT00807,PAT08045,Gynecology,Specialist Clinic,2025-03-11,13,2025-03-21,9,Chronic disease management,DR175,0,46,28,Self-pay,0-18
APT00808,PAT01277,Pediatrics,Emergency,2025-02-27,18,2025-02-28,14,Follow-up,DR112,0,55,12,Corporate,65+
APT00809,PAT07387,Orthopedics,Specialist Clinic,2025-05-29,16,2025-06-03,17,Acute illness,DR179,0,58,40,Corporate,65+
APT00810,PAT07077,Orthopedics,Wellness Center,2025-07-09,13,2025-07-17,14,Chronic disease management,DR116,0,43,33,Self-pay,65+
APT00811,PAT08581,Orthopedics,OPD,2025-01-27,10,2025-01-30,13,Chronic disease management,DR169,1,22,0,Corporate,0-18
APT00812,PAT09669,Pediatrics,Specialist Clinic,2025-08-25,12,2025-08-26,14,Routine checkup,DR134,0,60,39,Government,51-65
APT00813,PAT07409,Orthopedics,OPD,2025-09-12,9,2025-09-25,11,Follow-up,DR181,0,11,16,Private,51-65
APT00814,PAT09055,Cardiology,OPD,2025-10-02,12,2025-10-04,14,Chronic disease management,DR101,0,11,33,Government,0-18
APT00815,PAT03421,General Medicine,Wellness Center,2025-08-16,14,2025-08-24,12,Follow-up,DR147,0,15,30,Private,65+
APT00816,PAT08613,General Medicine,OPD,2025-10-03,18,2025-10-16,14,Follow-up,DR116,0,53,22,Self-pay,0-18
APT00817,PAT02307,Dermatology,OPD,2025-03-04,11,2025-03-14,17,Follow-up,DR173,0,40,19,Government,36-50
APT00818,PAT01692,Dermatology,OPD,2025-06-28,16,2025-06-30,14,Chronic disease management,DR112,0,42,32,Self-pay,0-18
APT00819,PAT05904,General Medicine,Emergency,2025-05-26,15,2025-06-01,12,Preventive screening,DR108,0,31,39,Corporate,19-35
APT00820,PAT08206,ENT,OPD,2025-07-14,11,2025-07-27,14,Chronic disease management,DR192,1,48,0,Corporate,65+
APT00821,PAT01988,Pediatrics,OPD,2025-05-06,18,2025-05-10,14,Chronic disease management,DR141,0,58,36,Corporate,0-18
APT00822,PAT05035,Gynecology,OPD,2025-07-07,18,2025-07-18,14,Preventive screening,DR148,0,25,28,Corporate,65+
APT00823,PAT02895,Pediatrics,OPD,2025-04-06,14,2025-04-12,13,Follow-up,DR150,0,53,29,Self-pay,19-35
APT00824,PAT08486,Ophthalmology,OPD,2025-09-18,10,2025-09-22,17,Chronic disease management,DR153,0,59,30,Corporate,51-65
APT00825,PAT09539,Dermatology,OPD,2025-01-03,14,2025-01-09,13,Acute illness,DR108,0,55,31,Corporate,0-18
APT00826,PAT06297,Ophthalmology,Emergency,2025-01-18,13,2025-01-20,17,Acute illness,DR152,0,26,11,Private,0-18
APT00827,PAT04506,General Medicine,OPD,2025-01-20,12,2025-01-24,11,Preventive screening,DR153,1,23,0,Corporate,19-35
APT00828,PAT05246,Cardiology,Specialist Clinic,2025-09-18,15,2025-10-02,10,Chronic disease management,DR196,0,47,17,Private,19-35
APT00829,PAT01735,ENT,Wellness Center,2025-01-12,15,2025-01-22,15,Acute illness,DR188,0,58,37,Self-pay,65+
APT00830,PAT09341,Gynecology,Wellness Center,2025-03-30,12,2025-04-02,14,Acute illness,DR114,0,55,17,Private,65+
APT00831,PAT05356,Ophthalmology,Emergency,2025-08-21,8,2025-08-24,15,Chronic disease management,DR171,1,17,0,Self-pay,51-65
APT00832,PAT04412,General Medicine,OPD,2025-05-19,16,2025-06-01,16,Follow-up,DR170,0,40,24,Private,65+
APT00833,PAT05652,Dermatology,Wellness Center,2025-04-24,15,2025-05-06,9,Acute illness,DR112,1,24,0,Self-pay,65+
APT00834,PAT06719,Cardiology,Emergency,2025-01-07,16,2025-01-17,15,Routine checkup,DR123,0,44,14,Corporate,19-35
APT00835,PAT05292,Orthopedics,OPD,2025-06-28,18,2025-07-03,11,Follow-up,DR110,0,49,11,Private,51-65
APT00836,PAT05579,General Medicine,OPD,2025-08-25,8,2025-08-28,9,Preventive screening,DR188,0,47,36,Private,0-18
APT00837,PAT04935,Orthopedics,OPD,2025-10-17,8,2025-10-21,16,Chronic disease management,DR139,0,16,40,Government,19-35
APT00838,PAT08776,Ophthalmology,Emergency,2025-05-22,14,2025-05-31,13,Chronic disease management,DR152,1,23,0,Government,19-35
APT00839,PAT03361,Ophthalmology,Emergency,2025-07-11,12,2025-07-13,9,Acute illness,DR188,0,51,31,Government,19-35
APT00840,PAT01845,Cardiology,OPD,2025-08-03,11,2025-08-05,13,Preventive screening,DR167,0,37,13,Corporate,19-35
APT00841,PAT07543,General Medicine,Wellness Center,2025-01-26,18,2025-02-03,11,Routine checkup,DR119,1,59,0,Self-pay,0-18
APT00842,PAT07784,Dermatology,Emergency,2025-11-01,9,2025-11-07,14,Follow-up,DR152,0,44,28,Self-pay,0-18
APT00843,PAT01491,Ophthalmology,OPD,2025-06-23,9,2025-07-01,16,Follow-up,DR117,0,31,40,Self-pay,0-18
APT00844,PAT01567,Ophthalmology,Wellness Center,2025-08-25,10,2025-08-29,11,Routine checkup,DR113,1,23,0,Corporate,65+
APT00845,PAT07387,Ophthalmology,Wellness Center,2025-01-22,10,2025-02-03,11,Routine checkup,DR103,0,26,20,Private,51-65
APT00846,PAT09964,Cardiology,OPD,2025-02-27,15,2025-03-07,9,Preventive screening,DR132,0,29,17,Corporate,0-18
APT00847,PAT05802,Dermatology,Emergency,2025-03-16,10,2025-03-30,14,Follow-up,DR111,0,51,22,Self-pay,19-35
APT00848,PAT05421,Dermatology,OPD,2025-06-25,10,2025-06-28,9,Chronic disease management,DR134,0,29,33,Corporate,51-65
APT00849,PAT03992,General Medicine,Wellness Center,2025-04-03,18,2025-04-10,14,Acute illness,DR112,0,24,39,Government,51-65
APT00850,PAT05916,Ophthalmology,OPD,2025-07-29,18,2025-07-31,11,Acute illness,DR144,0,54,21,Private,0-18
APT00851,PAT02809,Orthopedics,Specialist Clinic,2025-07-15,16,2025-07-16,10,Follow-up,DR155,1,44,0,Corporate,36-50
APT00852,PAT08011,ENT,Wellness Center,2025-11-07,10,2025-11-20,12,Preventive screening,DR148,0,13,39,Self-pay,65+
APT00853,PAT01387,Gynecology,Emergency,2025-09-27,15,2025-10-02,17,Routine checkup,DR172,0,17,28,Self-pay,51-65
APT00854,PAT05927,Orthopedics,OPD,2025-05-30,8,2025-06-09,15,Chronic disease management,DR194,1,56,0,Government,51-65
APT00855,PAT06341,Orthopedics,Emergency,2025-11-08,12,2025-11-20,17,Acute illness,DR165,0,37,18,Corporate,0-18
APT00856,PAT09647,Cardiology,Wellness Center,2025-09-16,13,2025-09-19,13,Preventive screening,DR123,0,19,32,Self-pay,19-35
APT00857,PAT09055,Dermatology,Emergency,2025-02-03,8,2025-02-06,14,Acute illness,DR100,0,23,34,Government,0-18
APT00858,PAT07175,General Medicine,Emergency,2025-02-01,12,2025-02-02,15,Preventive screening,DR130,0,47,13,Self-pay,0-18
APT00859,PAT02951,Cardiology,Wellness Center,2025-09-22,8,2025-10-01,9,Chronic disease management,DR111,0,34,28,Government,19-35
APT00860,PAT08483,Ophthalmology,Wellness Center,2025-03-13,17,2025-03-24,9,Preventive screening,DR101,0,44,35,Private,36-50
APT00861,PAT09972,Cardiology,Wellness Center,2025-10-06,15,2025-10-20,13,Preventive screening,DR131,0,12,11,Self-pay,65+
APT00862,PAT05080,Gynecology,Wellness Center,2025-10-29,9,2025-11-07,10,Follow-up,DR157,0,15,39,Self-pay,65+
APT00863,PAT07051,Cardiology,Specialist Clinic,2025-02-13,13,2025-02-19,17,Follow-up,DR197,0,46,40,Private,19-35
APT00864,PAT01197,Gynecology,OPD,2025-01-10,13,2025-01-14,12,Acute illness,DR197,0,25,18,Corporate,51-65
APT00865,PAT05102,Pediatrics,Specialist Clinic,2025-01-16,17,2025-01-24,13,Preventive screening,DR155,0,38,14,Self-pay,0-18
APT00866,PAT01262,Orthopedics,Emergency,2025-01-30,16,2025-02-08,10,Chronic disease management,DR119,0,18,30,Government,65+
APT00867,PAT03445,Gynecology,Wellness Center,2025-08-17,10,2025-08-27,9,Chronic disease management,DR144,0,42,38,Self-pay,51-65
APT00868,PAT08660,Pediatrics,Emergency,2025-05-15,13,2025-05-27,12,Preventive screening,DR139,0,20,40,Government,36-50
APT00869,PAT03612,General Medicine,OPD,2025-08-21,16,2025-08-22,11,Chronic disease management,DR189,0,31,13,Self-pay,51-65
APT00870,PAT06363,Orthopedics,Specialist Clinic,2025-02-05,17,2025-02-16,9,Acute illness,DR185,0,35,13,Self-pay,0-18
APT00871,PAT05333,Orthopedics,Wellness Center,2025-08-26,14,2025-09-05,9,Routine checkup,DR110,0,18,27,Government,65+
APT00872,PAT03879,Cardiology,Emergency,2025-03-15,10,2025-03-23,15,Routine checkup,DR144,1,15,0,Government,0-18
APT00873,PAT08035,Pediatrics,Wellness Center,2025-12-02,13,2025-12-07,12,Acute illness,DR139,1,34,0,Self-pay,36-50
APT00874,PAT07864,Orthopedics,Emergency,2025-12-02,18,2025-12-05,13,Preventive screening,DR103,0,16,29,Self-pay,36-50
APT00875,PAT04358,Pediatrics,Specialist Clinic,2025-05-02,15,2025-05-03,11,Acute illness,DR130,0,32,27,Corporate,0-18
APT00876,PAT06207,Orthopedics,OPD,2025-09-09,18,2025-09-16,11,Preventive screening,DR185,0,21,22,Corporate,0-18
APT00877,PAT07347,ENT,Specialist Clinic,2025-09-18,14,2025-09-25,11,Follow-up,DR135,0,14,40,Corporate,51-65
APT00878,PAT05807,Gynecology,Wellness Center,2025-10-07,15,2025-10-15,10,Follow-up,DR174,0,13,30,Government,36-50
APT00879,PAT02783,ENT,Specialist Clinic,2025-01-08,16,2025-01-09,16,Acute illness,DR118,0,18,17,Private,36-50
APT00880,PAT07869,General Medicine,Wellness Center,2025-04-18,16,2025-04-23,11,Routine checkup,DR119,0,15,20,Corporate,36-50
APT00881,PAT05207,Pediatrics,Emergency,2025-11-06,8,2025-11-18,15,Acute illness,DR136,0,51,36,Self-pay,0-18
APT00882,PAT09957,Ophthalmology,OPD,2025-02-21,16,2025-03-04,11,Preventive screening,DR131,0,10,37,Corporate,19-35
APT00883,PAT05710,Pediatrics,Emergency,2025-06-07,9,2025-06-11,17,Chronic disease management,DR135,0,47,35,Corporate,65+
APT00884,PAT01299,ENT,Specialist Clinic,2025-01-12,9,2025-01-19,10,Routine checkup,DR123,0,15,15,Private,36-50
APT00885,PAT04055,Gynecology,Emergency,2025-04-11,8,2025-04-22,10,Preventive screening,DR106,1,29,0,Corporate,0-18
APT00886,PAT09277,Orthopedics,Wellness Center,2025-05-03,8,2025-05-11,9,Follow-up,DR120,1,13,0,Government,0-18
APT00887,PAT05522,General Medicine,OPD,2025-11-01,8,2025-11-09,12,Acute illness,DR160,1,17,0,Government,0-18
APT00888,PAT08645,Cardiology,Wellness Center,2025-12-20,8,2025-12-28,10,Preventive screening,DR119,0,58,40,Private,65+
APT00889,PAT05667,Gynecology,Wellness Center,2025-01-27,16,2025-02-08,14,Acute illness,DR101,1,50,0,Self-pay,0-18
APT00890,PAT09685,Pediatrics,Emergency,2025-04-16,9,2025-04-24,9,Preventive screening,DR121,0,45,26,Corporate,65+
APT00891,PAT01921,Orthopedics,Emergency,2025-01-02,15,2025-01-10,10,Preventive screening,DR113,0,37,10,Self-pay,65+
APT00892,PAT04322,Orthopedics,Wellness Center,2025-08-29,12,2025-09-12,16,Preventive screening,DR199,0,17,27,Government,51-65
APT00893,PAT07868,Dermatology,OPD,2025-06-23,8,2025-07-07,11,Acute illness,DR170,1,10,0,Private,36-50
APT00894,PAT05208,General Medicine,Specialist Clinic,2025-08-27,11,2025-09-10,11,Follow-up,DR150,1,21,0,Government,0-18
APT00895,PAT07298,General Medicine,Wellness Center,2025-07-20,16,2025-07-30,14,Preventive screening,DR133,0,35,31,Corporate,0-18
APT00896,PAT06841,Ophthalmology,OPD,2025-07-19,14,2025-08-01,10,Follow-up,DR173,0,33,32,Government,0-18
APT00897,PAT05885,Cardiology,Emergency,2025-06-14,14,2025-06-15,10,Routine checkup,DR161,0,10,16,Government,36-50
APT00898,PAT03564,Gynecology,Specialist Clinic,2025-01-24,11,2025-02-07,10,Chronic disease management,DR168,0,24,28,Government,36-50
APT00899,PAT04610,Gynecology,OPD,2025-10-05,8,2025-10-19,13,Routine checkup,DR194,0,37,29,Self-pay,0-18
APT00900,PAT02653,Dermatology,Specialist Clinic,2025-06-11,9,2025-06-25,15,Preventive screening,DR192,1,33,0,Corporate,36-50
APT00901,PAT06406,Dermatology,Emergency,2025-07-26,12,2025-08-07,17,Routine checkup,DR111,0,10,20,Self-pay,0-18
APT00902,PAT03547,ENT,Wellness Center,2025-05-22,16,2025-05-30,15,Routine checkup,DR140,0,40,17,Private,36-50
APT00903,PAT09072,Cardiology,Specialist Clinic,2025-02-26,9,2025-03-01,11,Follow-up,DR175,0,33,34,Corporate,65+
APT00904,PAT07166,Pediatrics,OPD,2025-02-20,18,2025-02-26,16,Follow-up,DR129,0,56,22,Self-pay,19-35
APT00905,PAT07058,Gynecology,Specialist Clinic,2025-06-01,14,2025-06-14,16,Preventive screening,DR118,0,12,21,Self-pay,51-65
APT00906,PAT09192,Ophthalmology,Wellness Center,2025-02-22,9,2025-02-23,14,Preventive screening,DR133,0,58,30,Corporate,65+
APT00907,PAT02002,Dermatology,Emergency,2025-11-25,9,2025-12-08,16,Acute illness,DR139,0,24,26,Self-pay,19-35
APT00908,PAT09245,Cardiology,Specialist Clinic,2025-08-15,15,2025-08-20,11,Preventive screening,DR106,0,20,28,Government,36-50
APT00909,PAT07599,ENT,Emergency,2025-05-13,15,2025-05-26,11,Chronic disease management,DR166,0,29,11,Corporate,51-65
APT00910,PAT07180,Orthopedics,Emergency,2025-08-08,10,2025-08-13,16,Routine checkup,DR190,1,23,0,Private,19-35
APT00911,PAT03266,Ophthalmology,Specialist Clinic,2025-10-08,17,2025-10-15,11,Follow-up,DR167,0,37,33,Corporate,65+
APT00912,PAT09470,General Medicine,Wellness Center,2025-01-27,17,2025-02-03,12,Follow-up,DR107,0,54,20,Private,19-35
APT00913,PAT09598,Pediatrics,Emergency,2025-05-13,15,2025-05-14,12,Chronic disease management,DR153,0,57,12,Private,65+
APT00914,PAT06149,Gynecology,Emergency,2025-08-19,18,2025-08-26,14,Preventive screening,DR157,0,13,33,Corporate,65+
APT00915,PAT06640,Ophthalmology,Specialist Clinic,2025-11-01,10,2025-11-09,15,Routine checkup,DR175,0,55,37,Self-pay,19-35
APT00916,PAT08812,Orthopedics,Emergency,2025-09-27,14,2025-10-02,11,Preventive screening,DR193,0,23,15,Self-pay,19-35
APT00917,PAT02743,Orthopedics,OPD,2025-03-31,15,2025-04-11,14,Preventive screening,DR154,0,48,13,Corporate,0-18
APT00918,PAT03582,General Medicine,Specialist Clinic,2025-08-05,9,2025-08-08,13,Acute illness,DR170,0,35,28,Government,0-18
APT00919,PAT01128,Cardiology,Emergency,2025-07-11,17,2025-07-14,11,Follow-up,DR103,0,21,33,Corporate,65+
APT00920,PAT05360,Cardiology,Emergency,2025-10-09,18,2025-10-10,15,Acute illness,DR163,0,14,11,Corporate,65+
APT00921,PAT01316,Cardiology,Emergency,2025-01-13,9,2025-01-27,15,Follow-up,DR157,0,59,11,Private,0-18
APT00922,PAT07770,Dermatology,Wellness Center,2025-01-17,10,2025-01-22,13,Acute illness,DR148,1,46,0,Government,0-18
APT00923,PAT08098,Gynecology,Emergency,2025-08-14,16,2025-08-17,9,Chronic disease management,DR128,0,46,11,Corporate,36-50
APT00924,PAT06325,Orthopedics,OPD,2025-05-14,17,2025-05-15,12,Chronic disease management,DR128,0,18,24,Government,51-65
APT00925,PAT02931,Cardiology,Wellness Center,2025-04-03,11,2025-04-12,14,Routine checkup,DR138,0,59,28,Corporate,0-18
APT00926,PAT08414,ENT,Wellness Center,2025-03-06,18,2025-03-20,14,Follow-up,DR158,0,20,27,Private,36-50
APT00927,PAT07121,Ophthalmology,OPD,2025-04-16,15,2025-04-26,9,Chronic disease management,DR169,0,37,19,Self-pay,51-65
APT00928,PAT01355,ENT,Emergency,2025-09-11,8,2025-09-17,17,Routine checkup,DR185,0,55,39,Self-pay,65+
APT00929,PAT02273,General Medicine,Specialist Clinic,2025-03-29,12,2025-04-08,12,Chronic disease management,DR104,1,27,0,Private,65+
APT00930,PAT03570,Dermatology,Specialist Clinic,2025-10-21,11,2025-10-22,12,Follow-up,DR122,1,10,0,Government,19-35
APT00931,PAT07131,General Medicine,Specialist Clinic,2025-07-03,13,2025-07-05,9,Routine checkup,DR179,1,56,0,Government,36-50
APT00932,PAT07632,General Medicine,Specialist Clinic,2025-05-26,11,2025-06-01,12,Follow-up,DR124,0,20,19,Government,51-65
APT00933,PAT09804,ENT,OPD,2025-03-25,13,2025-04-04,17,Follow-up,DR115,1,18,0,Private,36-50
APT00934,PAT06461,General Medicine,Wellness Center,2025-02-16,13,2025-02-19,11,Routine checkup,DR115,0,19,17,Corporate,51-65
APT00935,PAT07089,Ophthalmology,Specialist Clinic,2025-04-12,10,2025-04-14,10,Routine checkup,DR149,0,21,29,Private,0-18
APT00936,PAT02602,Ophthalmology,Emergency,2025-10-17,10,2025-10-21,15,Preventive screening,DR109,0,54,17,Self-pay,51-65
APT00937,PAT07939,ENT,Specialist Clinic,2025-07-10,15,2025-07-14,14,Follow-up,DR185,1,42,0,Corporate,36-50
APT00938,PAT07975,Orthopedics,OPD,2025-07-16,15,2025-07-18,12,Routine checkup,DR100,0,46,28,Government,65+
APT00939,PAT04130,Orthopedics,Emergency,2025-05-18,9,2025-05-24,10,Acute illness,DR188,0,24,37,Private,36-50
APT00940,PAT03286,Cardiology,OPD,2025-01-06,17,2025-01-12,10,Acute illness,DR130,0,52,36,Self-pay,65+
APT00941,PAT05275,Ophthalmology,Wellness Center,2025-08-15,17,2025-08-23,11,Acute illness,DR188,0,57,18,Government,19-35
APT00942,PAT05167,Dermatology,Specialist Clinic,2025-02-17,16,2025-02-26,10,Chronic disease management,DR123,0,57,39,Self-pay,36-50
APT00943,PAT09072,Ophthalmology,Wellness Center,2025-10-05,17,2025-10-13,12,Follow-up,DR130,1,58,0,Government,65+
APT00944,PAT06864,ENT,OPD,2025-10-29,10,2025-11-07,14,Preventive screening,DR191,0,44,31,Private,51-65
APT00945,PAT06886,Pediatrics,Emergency,2025-05-21,16,2025-05-22,11,Acute illness,DR189,0,37,32,Corporate,19-35
APT00946,PAT09321,Orthopedics,Specialist Clinic,2025-07-27,14,2025-08-09,16,Follow-up,DR184,1,47,0,Government,36-50
APT00947,PAT02313,Pediatrics,Wellness Center,2025-06-06,10,2025-06-10,17,Follow-up,DR122,0,21,37,Private,0-18
APT00948,PAT07647,Orthopedics,Emergency,2025-02-24,12,2025-03-05,16,Follow-up,DR170,0,36,16,Private,19-35
APT00949,PAT03777,Cardiology,Emergency,2025-11-27,11,2025-11-28,13,Routine checkup,DR136,0,46,28,Government,65+
APT00950,PAT07840,General Medicine,Wellness Center,2025-01-06,10,2025-01-19,16,Routine checkup,DR117,0,36,22,Self-pay,36-50
APT00951,PAT06919,General Medicine,Wellness Center,2025-06-25,11,2025-07-09,11,Routine checkup,DR161,0,28,30,Self-pay,0-18
APT00952,PAT02382,Cardiology,Emergency,2025-04-29,11,2025-05-09,14,Follow-up,DR168,1,49,0,Government,19-35
APT00953,PAT04640,Ophthalmology,Wellness Center,2025-03-24,8,2025-03-29,9,Preventive screening,DR102,1,43,0,Government,51-65
APT00954,PAT05603,General Medicine,Wellness Center,2025-09-06,9,2025-09-17,15,Routine checkup,DR160,0,37,37,Government,51-65
APT00955,PAT06334,Pediatrics,Emergency,2025-05-25,15,2025-05-29,11,Follow-up,DR134,1,37,0,Self-pay,51-65
APT00956,PAT02823,Orthopedics,Emergency,2025-08-06,11,2025-08-17,15,Routine checkup,DR101,0,51,39,Private,36-50
APT00957,PAT04277,ENT,OPD,2025-12-31,14,2026-01-02,14,Acute illness,DR136,0,17,39,Government,51-65
APT00958,PAT07362,Ophthalmology,Specialist Clinic,2025-04-02,15,2025-04-10,15,Routine checkup,DR154,0,54,16,Private,65+
APT00959,PAT08021,General Medicine,OPD,2025-05-30,15,2025-06-02,14,Acute illness,DR112,0,42,27,Corporate,0-18
APT00960,PAT04093,Ophthalmology,Emergency,2025-02-14,12,2025-02-28,11,Routine checkup,DR121,0,28,27,Government,51-65
APT00961,PAT09129,Gynecology,Emergency,2025-06-07,11,2025-06-12,13,Acute illness,DR154,1,59,0,Private,19-35
APT00962,PAT08350,ENT,OPD,2025-09-14,10,2025-09-28,14,Acute illness,DR198,0,44,21,Government,51-65
APT00963,PAT08661,General Medicine,Emergency,2025-03-12,11,2025-03-19,17,Preventive screening,DR193,0,55,18,Self-pay,0-18
APT00964,PAT06524,Pediatrics,Specialist Clinic,2025-01-02,15,2025-01-12,13,Follow-up,DR111,0,35,33,Private,19-35
APT00965,PAT01532,General Medicine,Emergency,2025-06-14,15,2025-06-27,17,Routine checkup,DR133,0,53,23,Self-pay,36-50
APT00966,PAT05810,ENT,Emergency,2025-09-08,15,2025-09-22,17,Chronic disease management,DR133,0,27,16,Corporate,0-18
APT00967,PAT08395,ENT,Specialist Clinic,2025-07-22,14,2025-08-03,13,Preventive screening,DR159,1,18,0,Corporate,19-35
APT00968,PAT05864,Cardiology,OPD,2025-07-26,16,2025-08-04,14,Chronic disease management,DR195,0,48,28,Self-pay,0-18
APT00969,PAT03735,Ophthalmology,OPD,2025-03-18,8,2025-03-26,17,Acute illness,DR142,0,12,32,Corporate,65+
APT00970,PAT06952,Gynecology,Wellness Center,2025-07-17,14,2025-07-18,9,Acute illness,DR104,0,24,32,Government,51-65
APT00971,PAT07493,Dermatology,Wellness Center,2025-05-17,18,2025-05-24,16,Follow-up,DR102,1,35,0,Corporate,0-18
APT00972,PAT07891,Orthopedics,Wellness Center,2025-10-08,15,2025-10-11,13,Routine checkup,DR178,0,11,34,Corporate,65+
APT00973,PAT09231,ENT,Specialist Clinic,2025-11-28,18,2025-12-07,9,Preventive screening,DR160,0,58,16,Corporate,19-35
APT00974,PAT09252,Orthopedics,Wellness Center,2025-06-05,14,2025-06-16,9,Acute illness,DR181,0,30,37,Self-pay,36-50
APT00975,PAT08461,Orthopedics,OPD,2025-10-20,12,2025-10-23,17,Preventive screening,DR197,0,54,34,Self-pay,65+
APT00976,PAT07402,Ophthalmology,Emergency,2025-07-25,10,2025-08-05,9,Routine checkup,DR151,1,58,0,Government,65+
APT00977,PAT03905,Ophthalmology,OPD,2025-12-13,18,2025-12-14,17,Follow-up,DR162,0,17,27,Government,51-65
APT00978,PAT04823,Dermatology,Wellness Center,2025-12-26,9,2026-01-01,16,Routine checkup,DR168,0,37,36,Private,65+
APT00979,PAT03584,ENT,OPD,2025-05-15,11,2025-05-18,17,Follow-up,DR111,0,53,34,Government,36-50
APT00980,PAT06878,General Medicine,Wellness Center,2025-06-04,15,2025-06-15,9,Preventive screening,DR176,1,21,0,Self-pay,65+
APT00981,PAT07027,Ophthalmology,Specialist Clinic,2025-06-24,17,2025-07-08,17,Follow-up,DR134,0,24,27,Private,19-35
APT00982,PAT02234,Orthopedics,Wellness Center,2025-01-28,16,2025-02-09,10,Preventive screening,DR160,0,42,37,Self-pay,51-65
APT00983,PAT02866,Gynecology,Specialist Clinic,2025-11-21,18,2025-11-28,17,Chronic disease management,DR196,0,58,38,Self-pay,0-18
APT00984,PAT03325,Gynecology,OPD,2025-07-14,13,2025-07-25,9,Follow-up,DR157,0,59,11,Self-pay,51-65
APT00985,PAT05888,Orthopedics,OPD,2025-01-28,15,2025-02-07,9,Follow-up,DR103,0,42,30,Self-pay,65+
APT00986,PAT07588,Cardiology,Emergency,2025-11-24,16,2025-12-08,11,Chronic disease management,DR153,0,45,15,Private,36-50
APT00987,PAT01315,General Medicine,Wellness Center,2025-09-27,10,2025-10-03,17,Chronic disease management,DR184,0,47,40,Private,65+
APT00988,PAT02455,Ophthalmology,OPD,2025-04-05,14,2025-04-16,17,Routine checkup,DR154,0,47,31,Self-pay,65+
APT00989,PAT08737,Cardiology,Wellness Center,2025-07-17,14,2025-07-31,11,Routine checkup,DR171,0,12,26,Government,0-18
APT00990,PAT03870,Cardiology,Wellness Center,2025-05-03,11,2025-05-13,13,Acute illness,DR134,0,23,20,Corporate,19-35
APT00991,PAT08938,Pediatrics,OPD,2025-11-25,9,2025-11-30,11,Routine checkup,DR194,0,57,19,Government,36-50
APT00992,PAT01304,Pediatrics,OPD,2025-03-25,10,2025-04-05,12,Preventive screening,DR146,0,25,10,Government,65+
APT00993,PAT01963,Ophthalmology,Emergency,2025-05-17,17,2025-05-27,15,Preventive screening,DR100,0,18,39,Private,19-35
APT00994,PAT06051,Orthopedics,OPD,2025-07-12,13,2025-07-18,14,Follow-up,DR189,0,58,23,Private,65+
APT00995,PAT05561,Ophthalmology,OPD,2025-02-10,11,2025-02-22,15,Acute illness,DR165,0,44,14,Self-pay,36-50
APT00996,PAT07052,Ophthalmology,Specialist Clinic,2025-10-19,14,2025-10-27,15,Follow-up,DR125,0,18,17,Corporate,0-18
APT00997,PAT09666,Ophthalmology,Wellness Center,2025-07-15,12,2025-07-22,10,Follow-up,DR147,0,47,19,Corporate,19-35
APT00998,PAT04047,General Medicine,Wellness Center,2025-03-11,10,2025-03-23,11,Preventive screening,DR172,0,49,14,Self-pay,51-65
APT00999,PAT07687,Cardiology,Emergency,2025-08-02,11,2025-08-09,14,Preventive screening,DR178,0,47,39,Government,65+
APT01000,PAT08822,Dermatology,Wellness Center,2025-11-05,16,2025-11-18,17,Preventive screening,DR190,1,41,0,Corporate,65+
APT01001,PAT02989,ENT,Emergency,2025-04-06,12,2025-04-12,17,Follow-up,DR106,1,43,0,Private,65+
APT01002,PAT09648,Pediatrics,Emergency,2025-05-07,17,2025-05-09,10,Follow-up,DR116,0,35,10,Self-pay,0-18
APT01003,PAT08641,Gynecology,Wellness Center,2025-02-04,10,2025-02-09,10,Acute illness,DR194,1,51,0,Government,0-18
APT01004,PAT02936,Cardiology,OPD,2025-05-26,11,2025-06-07,17,Chronic disease management,DR163,0,30,14,Corporate,19-35
APT01005,PAT07287,ENT,Specialist Clinic,2025-01-17,10,2025-01-27,11,Acute illness,DR101,0,31,29,Government,0-18
APT01006,PAT04803,Dermatology,OPD,2025-09-23,17,2025-09-26,16,Preventive screening,DR154,0,48,40,Self-pay,65+
APT01007,PAT09932,ENT,OPD,2025-05-14,18,2025-05-23,14,Preventive screening,DR168,1,18,0,Self-pay,0-18
APT01008,PAT01045,Pediatrics,Wellness Center,2025-08-31,17,2025-09-11,15,Preventive screening,DR112,0,43,23,Private,51-65
APT01009,PAT01110,Gynecology,Specialist Clinic,2025-03-20,11,2025-04-02,13,Preventive screening,DR132,0,17,32,Government,36-50
APT01010,PAT06173,Dermatology,Wellness Center,2025-04-26,9,2025-04-28,9,Routine checkup,DR163,0,41,25,Government,19-35
APT01011,PAT07865,Pediatrics,OPD,2025-02-07,17,2025-02-15,11,Routine checkup,DR118,1,54,0,Private,65+
APT01012,PAT09448,Cardiology,Wellness Center,2025-10-26,11,2025-11-05,12,Preventive screening,DR105,0,22,19,Government,36-50
APT01013,PAT01001,Ophthalmology,Specialist Clinic,2025-06-08,15,2025-06-13,15,Routine checkup,DR156,0,57,40,Corporate,19-35
APT01014,PAT01084,Cardiology,Wellness Center,2025-04-26,14,2025-05-02,14,Routine checkup,DR199,0,58,29,Self-pay,51-65
APT01015,PAT04914,Pediatrics,Emergency,2025-11-19,16,2025-11-20,14,Routine checkup,DR134,1,32,0,Corporate,19-35
APT01016,PAT06800,Cardiology,OPD,2025-05-11,13,2025-05-12,14,Chronic disease management,DR194,0,15,33,Self-pay,36-50
APT01017,PAT07429,Gynecology,Specialist Clinic,2025-08-20,11,2025-08-25,10,Preventive screening,DR106,0,51,25,Corporate,0-18
APT01018,PAT01206,General Medicine,Specialist Clinic,2025-01-26,13,2025-01-31,13,Routine checkup,DR169,0,27,10,Government,65+
APT01019,PAT09841,Orthopedics,OPD,2025-12-31,18,2026-01-09,12,Chronic disease management,DR148,0,35,34,Government,0-18
APT01020,PAT09912,Pediatrics,Wellness Center,2025-05-03,18,2025-05-12,13,Routine checkup,DR184,0,38,27,Self-pay,19-35
APT01021,PAT06536,Orthopedics,OPD,2025-07-20,14,2025-07-26,13,Preventive screening,DR190,0,48,16,Government,19-35
APT01022,PAT01909,ENT,Emergency,2025-06-25,17,2025-07-07,16,Acute illness,DR133,1,11,0,Self-pay,51-65
APT01023,PAT01697,Ophthalmology,Emergency,2025-09-07,8,2025-09-08,10,Chronic disease management,DR189,0,49,12,Private,19-35
APT01024,PAT03379,Dermatology,Wellness Center,2025-02-10,14,2025-02-12,10,Routine checkup,DR142,0,44,18,Private,65+
APT01025,PAT04948,Orthopedics,Emergency,2025-01-25,18,2025-01-31,10,Routine checkup,DR176,0,51,22,Self-pay,36-50
APT01026,PAT06137,Orthopedics,Emergency,2025-08-21,17,2025-09-03,16,Routine checkup,DR160,0,40,40,Private,36-50
APT01027,PAT01929,Gynecology,Emergency,2025-12-31,18,2026-01-05,12,Routine checkup,DR156,0,58,12,Private,51-65
APT01028,PAT05461,Pediatrics,Wellness Center,2025-02-07,15,2025-02-21,15,Preventive screening,DR116,0,36,15,Government,36-50
APT01029,PAT06952,ENT,Emergency,2025-12-26,8,2026-01-08,11,Preventive screening,DR109,0,57,27,Private,0-18
APT01030,PAT08346,Ophthalmology,OPD,2025-03-08,11,2025-03-14,15,Chronic disease management,DR151,0,13,20,Self-pay,51-65
APT01031,PAT08110,ENT,OPD,2025-05-02,13,2025-05-03,9,Follow-up,DR193,0,43,38,Self-pay,51-65
APT01032,PAT02977,General Medicine,OPD,2025-05-17,11,2025-05-31,9,Chronic disease management,DR115,0,20,11,Government,0-18
APT01033,PAT05297,Orthopedics,Specialist Clinic,2025-03-15,10,2025-03-21,12,Preventive screening,DR196,1,33,0,Corporate,65+
APT01034,PAT04058,Cardiology,Wellness Center,2025-07-07,8,2025-07-11,9,Chronic disease management,DR191,0,44,23,Self-pay,19-35
APT01035,PAT06270,Ophthalmology,Specialist Clinic,2025-08-26,12,2025-09-01,11,Routine checkup,DR140,0,28,33,Private,36-50
APT01036,PAT01266,Cardiology,OPD,2025-06-18,16,2025-06-22,15,Acute illness,DR180,0,32,26,Government,36-50
APT01037,PAT07654,Pediatrics,Emergency,2025-05-25,10,2025-06-07,14,Follow-up,DR115,0,41,29,Corporate,0-18
APT01038,PAT04845,ENT,Wellness Center,2025-06-11,9,2025-06-23,15,Follow-up,DR139,0,44,23,Self-pay,51-65
APT01039,PAT03527,Ophthalmology,Wellness Center,2025-01-06,14,2025-01-11,9,Follow-up,DR125,0,32,35,Self-pay,36-50
APT01040,PAT04261,General Medicine,OPD,2025-09-16,9,2025-09-22,16,Follow-up,DR186,1,56,0,Self-pay,51-65
APT01041,PAT01884,Cardiology,Specialist Clinic,2025-09-12,16,2025-09-25,16,Chronic disease management,DR107,0,33,14,Government,36-50
APT01042,PAT06347,Dermatology,Specialist Clinic,2025-06-04,15,2025-06-06,13,Routine checkup,DR190,0,34,40,Private,36-50
APT01043,PAT08660,Pediatrics,OPD,2025-04-20,13,2025-04-22,16,Routine checkup,DR173,0,57,12,Corporate,51-65
APT01044,PAT08039,ENT,Specialist Clinic,2025-06-03,14,2025-06-17,10,Chronic disease management,DR130,0,22,38,Private,65+
APT01045,PAT01113,Ophthalmology,Specialist Clinic,2025-09-11,18,2025-09-16,16,Routine checkup,DR198,0,21,17,Corporate,51-65
APT01046,PAT01097,Gynecology,OPD,2025-02-15,17,2025-02-24,11,Follow-up,DR103,0,48,21,Corporate,51-65
APT01047,PAT03353,Dermatology,Wellness Center,2025-05-04,11,2025-05-08,11,Follow-up,DR172,0,35,19,Private,0-18
APT01048,PAT03684,Orthopedics,Wellness Center,2025-04-06,15,2025-04-20,15,Chronic disease management,DR175,0,51,15,Private,19-35
APT01049,PAT03612,Dermatology,Emergency,2025-08-13,16,2025-08-21,14,Follow-up,DR105,0,18,17,Government,0-18
APT01050,PAT01002,Gynecology,OPD,2025-10-22,14,2025-10-24,12,Follow-up,DR197,0,21,26,Private,36-50
APT01051,PAT02156,Gynecology,Emergency,2025-03-12,17,2025-03-16,9,Preventive screening,DR142,0,30,37,Self-pay,36-50
APT01052,PAT07373,Pediatrics,OPD,2025-05-18,15,2025-05-30,14,Preventive screening,DR172,1,54,0,Self-pay,19-35
APT01053,PAT07444,Cardiology,Specialist Clinic,2025-10-10,11,2025-10-14,12,Follow-up,DR123,1,59,0,Corporate,19-35
APT01054,PAT04577,Ophthalmology,Emergency,2025-03-07,9,2025-03-15,15,Chronic disease management,DR189,0,12,40,Corporate,51-65
APT01055,PAT08257,Ophthalmology,OPD,2025-06-02,11,2025-06-14,17,Acute illness,DR106,1,25,0,Corporate,0-18
APT01056,PAT09248,Pediatrics,Specialist Clinic,2025-06-21,10,2025-07-01,13,Routine checkup,DR193,0,12,30,Corporate,36-50
APT01057,PAT08116,Ophthalmology,Wellness Center,2025-01-28,13,2025-01-31,17,Follow-up,DR154,0,39,23,Government,36-50
APT01058,PAT01225,ENT,OPD,2025-10-19,11,2025-10-20,15,Follow-up,DR165,0,52,21,Corporate,36-50
APT01059,PAT08337,Cardiology,Specialist Clinic,2025-07-30,13,2025-08-11,16,Chronic disease management,DR126,0,16,26,Government,65+
APT01060,PAT09874,Ophthalmology,Specialist Clinic,2025-12-24,17,2026-01-06,10,Acute illness,DR176,0,55,26,Corporate,0-18
APT01061,PAT01232,Pediatrics,Specialist Clinic,2025-10-29,17,2025-11-10,12,Follow-up,DR153,0,59,37,Corporate,36-50
APT01062,PAT05214,Orthopedics,Wellness Center,2025-04-21,9,2025-04-24,11,Routine checkup,DR120,0,55,27,Self-pay,0-18
APT01063,PAT06561,Gynecology,Emergency,2025-06-18,12,2025-06-28,9,Routine checkup,DR189,0,14,15,Corporate,51-65
APT01064,PAT09700,Orthopedics,Specialist Clinic,2025-12-24,15,2025-12-27,13,Follow-up,DR181,0,20,20,Corporate,51-65
APT01065,PAT09411,Ophthalmology,Emergency,2025-09-16,10,2025-09-28,12,Preventive screening,DR167,1,51,0,Corporate,0-18
APT01066,PAT09555,Gynecology,OPD,2025-06-18,14,2025-06-29,10,Follow-up,DR189,1,56,0,Private,65+
APT01067,PAT09789,ENT,Specialist Clinic,2025-11-25,14,2025-12-01,9,Acute illness,DR165,0,37,31,Corporate,65+
APT01068,PAT09873,ENT,Emergency,2025-05-18,8,2025-05-28,16,Follow-up,DR125,1,35,0,Self-pay,0-18
APT01069,PAT07294,Orthopedics,Wellness Center,2025-10-06,10,2025-10-07,9,Routine checkup,DR153,0,30,21,Private,51-65
APT01070,PAT06415,ENT,Wellness Center,2025-12-17,18,2025-12-26,17,Preventive screening,DR141,0,30,34,Private,51-65
APT01071,PAT08060,Orthopedics,Specialist Clinic,2025-06-30,8,2025-07-02,9,Routine checkup,DR149,0,43,24,Private,65+
APT01072,PAT01941,Orthopedics,Specialist Clinic,2025-08-01,9,2025-08-14,15,Preventive screening,DR145,0,26,20,Self-pay,19-35
APT01073,PAT09393,Gynecology,Wellness Center,2025-03-31,12,2025-04-05,9,Follow-up,DR125,0,22,26,Corporate,65+
APT01074,PAT08699,Dermatology,OPD,2025-08-07,9,2025-08-08,16,Routine checkup,DR131,0,36,16,Self-pay,65+
APT01075,PAT04476,Gynecology,Wellness Center,2025-06-02,8,2025-06-15,11,Routine checkup,DR188,0,31,33,Self-pay,65+
APT01076,PAT05554,Dermatology,OPD,2025-11-10,11,2025-11-22,13,Chronic disease management,DR101,1,47,0,Corporate,0-18
APT01077,PAT08978,Ophthalmology,Emergency,2025-11-07,12,2025-11-15,14,Follow-up,DR171,0,27,13,Government,36-50
APT01078,PAT05895,Gynecology,Specialist Clinic,2025-07-19,8,2025-07-29,16,Follow-up,DR145,0,58,34,Corporate,51-65
APT01079,PAT09163,General Medicine,Emergency,2025-06-03,17,2025-06-12,13,Routine checkup,DR143,0,47,36,Self-pay,19-35
APT01080,PAT05111,General Medicine,Specialist Clinic,2025-12-03,10,2025-12-10,9,Follow-up,DR111,1,32,0,Government,36-50
APT01081,PAT06114,General Medicine,Emergency,2025-09-24,8,2025-09-29,12,Routine checkup,DR172,0,57,24,Corporate,51-65
APT01082,PAT06985,ENT,OPD,2025-05-27,18,2025-06-05,13,Routine checkup,DR165,0,37,33,Private,65+
APT01083,PAT03115,General Medicine,Specialist Clinic,2025-03-23,18,2025-03-27,17,Preventive screening,DR189,0,42,35,Private,0-18
APT01084,PAT04600,Orthopedics,Emergency,2025-10-20,14,2025-10-27,9,Acute illness,DR192,0,45,22,Private,19-35
APT01085,PAT09459,Ophthalmology,Emergency,2025-08-24,9,2025-08-31,16,Follow-up,DR189,0,10,22,Corporate,19-35
APT01086,PAT09677,Cardiology,OPD,2025-10-30,15,2025-11-03,17,Chronic disease management,DR119,0,28,34,Government,51-65
APT01087,PAT07788,Pediatrics,OPD,2025-07-05,14,2025-07-19,11,Follow-up,DR117,0,39,33,Government,19-35
APT01088,PAT09234,Cardiology,OPD,2025-12-01,10,2025-12-09,11,Follow-up,DR160,0,53,36,Self-pay,0-18
APT01089,PAT05468,ENT,Wellness Center,2025-12-29,8,2026-01-12,17,Acute illness,DR159,0,38,28,Private,36-50
APT01090,PAT06143,Ophthalmology,Specialist Clinic,2025-02-06,11,2025-02-17,17,Routine checkup,DR169,0,44,29,Self-pay,51-65
APT01091,PAT02061,Cardiology,Specialist Clinic,2025-04-18,15,2025-04-26,9,Chronic disease management,DR174,0,29,21,Corporate,19-35
APT01092,PAT09384,Dermatology,Wellness Center,2025-07-27,14,2025-08-10,12,Chronic disease management,DR102,0,19,40,Self-pay,51-65
APT01093,PAT07539,Orthopedics,OPD,2025-07-24,10,2025-07-26,10,Chronic disease management,DR103,0,50,37,Private,0-18
APT01094,PAT09847,Cardiology,Wellness Center,2025-10-08,18,2025-10-21,10,Chronic disease management,DR198,0,18,36,Self-pay,51-65
APT01095,PAT01600,ENT,OPD,2025-01-04,8,2025-01-11,16,Chronic disease management,DR116,0,24,25,Government,65+
APT01096,PAT04784,ENT,Emergency,2025-10-12,12,2025-10-15,17,Preventive screening,DR184,0,29,29,Corporate,0-18
APT01097,PAT09041,Pediatrics,Specialist Clinic,2025-05-05,15,2025-05-17,17,Chronic disease management,DR152,1,43,0,Government,19-35
APT01098,PAT08976,Ophthalmology,Wellness Center,2025-06-23,11,2025-06-29,10,Follow-up,DR184,1,23,0,Self-pay,36-50
APT01099,PAT06214,General Medicine,Wellness Center,2025-06-18,18,2025-06-24,9,Acute illness,DR116,0,51,12,Corporate,65+
APT01100,PAT05590,Dermatology,Specialist Clinic,2025-11-05,8,2025-11-16,13,Acute illness,DR165,0,44,16,Self-pay,0-18
APT01101,PAT01842,Gynecology,OPD,2025-06-09,10,2025-06-11,12,Acute illness,DR106,0,22,22,Corporate,0-18
APT01102,PAT09746,ENT,OPD,2025-06-16,8,2025-06-27,16,Preventive screening,DR179,0,38,27,Self-pay,19-35
APT01103,PAT05374,Gynecology,Specialist Clinic,2025-04-29,14,2025-05-10,17,Acute illness,DR133,0,36,25,Private,0-18
APT01104,PAT08000,ENT,Specialist Clinic,2025-04-29,8,2025-05-13,10,Preventive screening,DR127,0,18,29,Private,51-65
APT01105,PAT04412,Ophthalmology,OPD,2025-04-22,13,2025-05-05,16,Acute illness,DR157,0,55,39,Government,65+
APT01106,PAT04826,Orthopedics,OPD,2025-12-27,16,2026-01-07,15,Chronic disease management,DR199,0,57,16,Self-pay,19-35
APT01107,PAT07034,Cardiology,Specialist Clinic,2025-10-17,18,2025-10-31,11,Follow-up,DR129,0,21,19,Self-pay,51-65
APT01108,PAT05166,Pediatrics,Emergency,2025-07-10,17,2025-07-12,15,Preventive screening,DR103,0,39,39,Government,36-50
APT01109,PAT05171,ENT,Wellness Center,2025-05-30,10,2025-06-12,10,Acute illness,DR195,0,50,28,Private,65+
APT01110,PAT08979,Cardiology,Specialist Clinic,2025-05-26,17,2025-06-06,10,Preventive screening,DR108,0,38,10,Private,0-18
APT01111,PAT02540,Cardiology,Wellness Center,2025-03-24,17,2025-03-27,17,Routine checkup,DR182,0,28,38,Self-pay,19-35
APT01112,PAT07334,Gynecology,OPD,2025-06-03,17,2025-06-17,13,Chronic disease management,DR126,0,54,25,Corporate,36-50
APT01113,PAT03054,Orthopedics,Wellness Center,2025-01-14,12,2025-01-26,12,Follow-up,DR198,0,11,35,Government,51-65
APT01114,PAT07299,General Medicine,Emergency,2025-11-21,9,2025-11-27,17,Follow-up,DR153,0,34,24,Corporate,0-18
APT01115,PAT07780,ENT,Wellness Center,2025-11-04,9,2025-11-16,9,Follow-up,DR140,0,57,22,Government,36-50
APT01116,PAT03097,General Medicine,Emergency,2025-03-31,18,2025-04-13,12,Acute illness,DR178,1,47,0,Self-pay,0-18
APT01117,PAT04616,Ophthalmology,Wellness Center,2025-04-17,15,2025-04-29,14,Chronic disease management,DR194,0,11,13,Corporate,51-65
APT01118,PAT05987,Pediatrics,Specialist Clinic,2025-11-11,14,2025-11-13,10,Acute illness,DR137,1,11,0,Government,19-35
APT01119,PAT05981,Pediatrics,Wellness Center,2025-05-06,13,2025-05-19,15,Acute illness,DR117,1,34,0,Self-pay,0-18
APT01120,PAT03101,Dermatology,Wellness Center,2025-10-09,11,2025-10-16,10,Chronic disease management,DR174,0,60,34,Private,51-65
APT01121,PAT03587,Pediatrics,Emergency,2025-11-10,15,2025-11-21,16,Preventive screening,DR133,0,15,19,Self-pay,0-18
APT01122,PAT03931,Pediatrics,Specialist Clinic,2025-04-21,13,2025-05-05,10,Follow-up,DR134,1,59,0,Private,36-50
APT01123,PAT09739,Ophthalmology,Emergency,2025-10-09,17,2025-10-16,9,Acute illness,DR160,0,58,17,Government,0-18
APT01124,PAT02371,Gynecology,Specialist Clinic,2025-05-10,18,2025-05-16,16,Acute illness,DR174,0,22,14,Private,0-18
APT01125,PAT08644,Ophthalmology,Specialist Clinic,2025-02-28,11,2025-03-05,10,Follow-up,DR188,0,10,19,Self-pay,65+
APT01126,PAT08134,Dermatology,Wellness Center,2025-06-14,9,2025-06-19,17,Follow-up,DR106,0,54,26,Private,65+
APT01127,PAT09780,Cardiology,Wellness Center,2025-01-27,11,2025-01-28,10,Acute illness,DR126,0,47,12,Private,0-18
APT01128,PAT09763,Dermatology,Wellness Center,2025-02-03,10,2025-02-08,10,Routine checkup,DR162,0,45,12,Corporate,0-18
APT01129,PAT06244,ENT,Wellness Center,2025-01-24,12,2025-02-03,11,Acute illness,DR197,0,39,36,Self-pay,51-65
APT01130,PAT08009,General Medicine,Emergency,2025-11-25,11,2025-12-04,10,Acute illness,DR133,1,21,0,Government,0-18
APT01131,PAT01888,General Medicine,Emergency,2025-07-26,16,2025-07-27,15,Acute illness,DR182,0,54,40,Private,0-18
APT01132,PAT02565,Orthopedics,OPD,2025-12-12,12,2025-12-18,11,Routine checkup,DR151,0,36,25,Self-pay,0-18
APT01133,PAT03321,Gynecology,OPD,2025-06-11,9,2025-06-13,15,Preventive screening,DR131,0,23,37,Government,19-35
APT01134,PAT01516,Orthopedics,Specialist Clinic,2025-03-11,11,2025-03-25,11,Follow-up,DR185,0,21,11,Private,51-65
APT01135,PAT01759,General Medicine,OPD,2025-03-13,9,2025-03-24,12,Acute illness,DR168,1,29,0,Government,19-35
APT01136,PAT03855,Dermatology,Specialist Clinic,2025-10-22,10,2025-10-24,17,Preventive screening,DR114,0,60,16,Government,19-35
APT01137,PAT07745,Pediatrics,Specialist Clinic,2025-11-03,13,2025-11-08,11,Follow-up,DR138,0,21,26,Corporate,36-50
APT01138,PAT01081,Ophthalmology,Emergency,2025-06-02,12,2025-06-12,17,Preventive screening,DR154,0,22,18,Government,0-18
APT01139,PAT08435,Dermatology,Wellness Center,2025-10-26,18,2025-11-01,12,Acute illness,DR184,0,46,27,Private,19-35
APT01140,PAT02509,Dermatology,Specialist Clinic,2025-11-15,10,2025-11-23,15,Preventive screening,DR147,0,31,28,Self-pay,36-50
APT01141,PAT07057,ENT,Emergency,2025-09-07,18,2025-09-20,17,Routine checkup,DR179,0,36,23,Private,0-18
APT01142,PAT07624,Pediatrics,Specialist Clinic,2025-05-17,10,2025-05-25,13,Preventive screening,DR199,0,27,39,Corporate,51-65
APT01143,PAT07680,Dermatology,Emergency,2025-06-12,18,2025-06-23,17,Acute illness,DR195,0,25,14,Private,19-35
APT01144,PAT03469,ENT,Specialist Clinic,2025-12-29,9,2026-01-11,14,Preventive screening,DR110,0,20,30,Corporate,51-65
APT01145,PAT04481,Dermatology,Specialist Clinic,2025-04-11,14,2025-04-23,17,Acute illness,DR164,0,57,23,Government,65+
APT01146,PAT09821,Cardiology,Emergency,2025-01-14,12,2025-01-21,16,Chronic disease management,DR181,0,25,29,Self-pay,51-65
APT01147,PAT09193,Dermatology,OPD,2025-02-19,9,2025-02-25,15,Chronic disease management,DR183,0,22,32,Corporate,0-18
APT01148,PAT04411,General Medicine,Wellness Center,2025-01-15,10,2025-01-19,15,Routine checkup,DR160,0,54,15,Self-pay,0-18
APT01149,PAT01312,ENT,Emergency,2025-05-21,14,2025-05-30,13,Chronic disease management,DR126,0,17,14,Self-pay,36-50
APT01150,PAT05879,Dermatology,Wellness Center,2025-07-23,14,2025-08-05,11,Acute illness,DR182,0,27,36,Government,65+
APT01151,PAT05858,ENT,Specialist Clinic,2025-11-21,14,2025-11-24,12,Follow-up,DR176,0,16,24,Government,65+
APT01152,PAT07478,Gynecology,Specialist Clinic,2025-10-29,16,2025-11-09,10,Routine checkup,DR123,1,51,0,Corporate,51-65
APT01153,PAT07717,Ophthalmology,Wellness Center,2025-05-30,18,2025-06-09,9,Preventive screening,DR187,1,45,0,Government,19-35
APT01154,PAT07383,Cardiology,OPD,2025-06-18,10,2025-06-22,14,Chronic disease management,DR103,1,17,0,Corporate,19-35
APT01155,PAT01555,Gynecology,OPD,2025-10-18,11,2025-10-28,12,Follow-up,DR134,0,27,16,Corporate,51-65
APT01156,PAT05483,Dermatology,OPD,2025-09-04,12,2025-09-15,9,Chronic disease management,DR169,0,54,18,Self-pay,0-18
APT01157,PAT04547,ENT,OPD,2025-02-06,9,2025-02-20,13,Chronic disease management,DR111,0,16,22,Self-pay,36-50
APT01158,PAT01779,Cardiology,Specialist Clinic,2025-10-24,18,2025-11-04,11,Routine checkup,DR119,0,43,27,Corporate,51-65
APT01159,PAT02185,General Medicine,OPD,2025-03-02,11,2025-03-09,13,Follow-up,DR115,0,59,16,Private,65+
APT01160,PAT01981,Gynecology,Emergency,2025-06-18,13,2025-06-23,12,Routine checkup,DR154,0,13,32,Corporate,65+
APT01161,PAT02633,Ophthalmology,Emergency,2025-12-10,16,2025-12-12,15,Routine checkup,DR110,0,30,35,Corporate,0-18
APT01162,PAT03215,Ophthalmology,OPD,2025-12-26,17,2025-12-28,13,Routine checkup,DR117,1,29,0,Corporate,0-18
APT01163,PAT02953,Cardiology,Emergency,2025-03-24,16,2025-04-02,16,Acute illness,DR140,0,18,39,Corporate,0-18
APT01164,PAT09357,ENT,Specialist Clinic,2025-11-08,15,2025-11-12,15,Acute illness,DR154,0,22,29,Self-pay,19-35
APT01165,PAT09180,Cardiology,Specialist Clinic,2025-10-11,17,2025-10-24,10,Preventive screening,DR115,1,60,0,Private,19-35
APT01166,PAT05652,Orthopedics,OPD,2025-05-08,9,2025-05-19,12,Routine checkup,DR142,1,23,0,Private,0-18
APT01167,PAT04039,ENT,Wellness Center,2025-07-30,9,2025-08-09,15,Chronic disease management,DR132,0,32,20,Government,36-50
APT01168,PAT02229,Ophthalmology,OPD,2025-03-31,10,2025-04-13,14,Acute illness,DR162,0,56,35,Self-pay,51-65
APT01169,PAT06880,Gynecology,Wellness Center,2025-10-26,14,2025-11-04,13,Chronic disease management,DR172,0,48,17,Self-pay,0-18
APT01170,PAT06699,Pediatrics,Wellness Center,2025-07-09,11,2025-07-11,14,Acute illness,DR199,0,42,19,Government,19-35
APT01171,PAT07385,Cardiology,Wellness Center,2025-08-18,10,2025-08-29,14,Preventive screening,DR146,0,11,18,Corporate,0-18
APT01172,PAT05496,General Medicine,OPD,2025-09-01,11,2025-09-02,9,Preventive screening,DR165,1,51,0,Corporate,19-35
APT01173,PAT02681,Ophthalmology,OPD,2025-05-14,8,2025-05-15,15,Preventive screening,DR169,0,48,11,Private,0-18
APT01174,PAT07678,Orthopedics,Emergency,2025-09-06,11,2025-09-09,17,Routine checkup,DR115,1,32,0,Government,19-35
APT01175,PAT03539,Orthopedics,Specialist Clinic,2025-04-28,8,2025-05-01,17,Acute illness,DR160,0,30,37,Government,65+
APT01176,PAT05471,Gynecology,OPD,2025-04-09,8,2025-04-15,17,Acute illness,DR157,1,48,0,Self-pay,19-35
APT01177,PAT05034,Cardiology,Specialist Clinic,2025-07-10,18,2025-07-23,9,Acute illness,DR124,0,30,40,Corporate,19-35
APT01178,PAT01125,Orthopedics,Wellness Center,2025-03-26,12,2025-04-08,10,Acute illness,DR162,0,45,11,Corporate,65+
APT01179,PAT01281,Orthopedics,OPD,2025-05-04,8,2025-05-05,13,Routine checkup,DR179,0,28,39,Private,19-35
APT01180,PAT03068,Pediatrics,OPD,2025-06-04,18,2025-06-06,13,Acute illness,DR160,0,45,23,Corporate,36-50
APT01181,PAT09354,General Medicine,Emergency,2025-11-18,8,2025-11-21,15,Follow-up,DR196,1,32,0,Corporate,65+
APT01182,PAT04724,General Medicine,Wellness Center,2025-11-25,16,2025-12-07,10,Follow-up,DR112,0,24,36,Corporate,36-50
APT01183,PAT01225,ENT,Specialist Clinic,2025-05-03,13,2025-05-17,17,Acute illness,DR144,0,41,35,Private,65+
APT01184,PAT05558,General Medicine,Emergency,2025-10-20,17,2025-10-25,9,Preventive screening,DR177,0,37,28,Self-pay,36-50
APT01185,PAT02092,ENT,OPD,2025-07-03,14,2025-07-06,14,Preventive screening,DR158,1,25,0,Government,51-65
APT01186,PAT02359,Ophthalmology,Wellness Center,2025-05-20,13,2025-05-26,11,Preventive screening,DR153,0,15,39,Government,51-65
APT01187,PAT01959,Cardiology,Emergency,2025-12-06,13,2025-12-15,12,Routine checkup,DR165,0,27,16,Corporate,51-65
APT01188,PAT07517,Orthopedics,Specialist Clinic,2025-11-12,12,2025-11-22,13,Preventive screening,DR199,0,41,37,Government,36-50
APT01189,PAT04938,Gynecology,Emergency,2025-01-05,12,2025-01-14,11,Follow-up,DR138,0,42,10,Self-pay,36-50
APT01190,PAT06423,Orthopedics,Specialist Clinic,2025-02-10,11,2025-02-18,15,Chronic disease management,DR113,0,30,27,Private,36-50
APT01191,PAT09175,General Medicine,Wellness Center,2025-08-23,8,2025-08-28,11,Acute illness,DR121,0,33,24,Self-pay,19-35
APT01192,PAT06536,Orthopedics,Specialist Clinic,2025-04-20,13,2025-04-24,11,Follow-up,DR110,0,30,30,Government,65+
APT01193,PAT03290,General Medicine,Wellness Center,2025-07-18,14,2025-07-22,11,Chronic disease management,DR176,0,15,24,Government,0-18
APT01194,PAT03146,Orthopedics,OPD,2025-09-06,12,2025-09-11,10,Preventive screening,DR159,0,44,39,Government,0-18
APT01195,PAT07653,Dermatology,Wellness Center,2025-07-03,17,2025-07-14,12,Preventive screening,DR100,0,35,17,Government,36-50
APT01196,PAT03570,Cardiology,OPD,2025-01-17,12,2025-01-21,17,Acute illness,DR100,0,21,14,Self-pay,51-65
APT01197,PAT04921,General Medicine,Emergency,2025-02-18,11,2025-03-01,14,Chronic disease management,DR128,1,41,0,Corporate,0-18
APT01198,PAT01355,General Medicine,Emergency,2025-11-06,17,2025-11-07,14,Preventive screening,DR112,1,34,0,Government,19-35
APT01199,PAT02048,Gynecology,Specialist Clinic,2025-06-24,13,2025-07-01,13,Routine checkup,DR193,0,38,28,Government,19-35
APT01200,PAT04558,Pediatrics,Emergency,2025-01-01,11,2025-01-06,10,Preventive screening,DR183,0,50,24,Corporate,65+
APT01201,PAT08226,Pediatrics,Specialist Clinic,2025-02-08,11,2025-02-13,16,Routine checkup,DR194,0,17,29,Private,36-50
APT01202,PAT08395,Cardiology,Wellness Center,2025-04-11,14,2025-04-22,15,Preventive screening,DR143,0,13,21,Government,51-65
APT01203,PAT01434,ENT,Emergency,2025-11-28,16,2025-12-11,10,Acute illness,DR161,1,45,0,Self-pay,51-65
APT01204,PAT05028,General Medicine,OPD,2025-12-06,18,2025-12-08,10,Preventive screening,DR161,1,50,0,Corporate,0-18
APT01205,PAT04350,Ophthalmology,Specialist Clinic,2025-07-17,11,2025-07-28,11,Follow-up,DR125,0,53,25,Self-pay,65+
APT01206,PAT03261,Orthopedics,Wellness Center,2025-07-02,18,2025-07-12,17,Acute illness,DR182,1,42,0,Private,51-65
APT01207,PAT03494,Cardiology,Specialist Clinic,2025-04-23,11,2025-05-01,9,Routine checkup,DR103,0,57,17,Corporate,36-50
APT01208,PAT02198,Orthopedics,Emergency,2025-05-06,10,2025-05-16,13,Preventive screening,DR144,0,48,31,Corporate,51-65
APT01209,PAT09771,Orthopedics,Specialist Clinic,2025-11-10,9,2025-11-14,16,Chronic disease management,DR125,0,53,25,Corporate,36-50
APT01210,PAT09581,Pediatrics,Emergency,2025-10-19,8,2025-10-21,10,Routine checkup,DR199,0,27,31,Self-pay,51-65
APT01211,PAT04014,ENT,Wellness Center,2025-06-30,15,2025-07-03,12,Acute illness,DR108,0,19,25,Government,36-50
APT01212,PAT05078,Dermatology,Wellness Center,2025-06-11,13,2025-06-17,15,Acute illness,DR196,0,34,29,Corporate,51-65
APT01213,PAT07977,Ophthalmology,Emergency,2025-05-14,10,2025-05-23,13,Chronic disease management,DR136,0,55,21,Self-pay,0-18
APT01214,PAT07771,Orthopedics,Emergency,2025-06-07,17,2025-06-14,15,Acute illness,DR149,0,44,39,Private,0-18
APT01215,PAT03070,General Medicine,Wellness Center,2025-03-15,14,2025-03-29,16,Follow-up,DR176,0,24,33,Private,0-18
APT01216,PAT05412,Dermatology,Emergency,2025-11-11,9,2025-11-19,11,Chronic disease management,DR114,0,29,23,Private,0-18
APT01217,PAT09084,Dermatology,Wellness Center,2025-04-06,16,2025-04-09,9,Acute illness,DR144,0,41,33,Corporate,19-35
APT01218,PAT01850,Gynecology,Wellness Center,2025-07-11,8,2025-07-13,12,Follow-up,DR183,0,49,26,Government,0-18
APT01219,PAT04163,Orthopedics,Wellness Center,2025-05-30,18,2025-06-07,11,Routine checkup,DR172,0,54,32,Private,36-50
APT01220,PAT08295,ENT,OPD,2025-02-02,14,2025-02-14,12,Preventive screening,DR180,0,24,31,Government,65+
APT01221,PAT03266,General Medicine,Emergency,2025-08-07,8,2025-08-11,9,Chronic disease management,DR137,1,42,0,Private,19-35
APT01222,PAT09898,Gynecology,Emergency,2025-07-18,11,2025-08-01,12,Preventive screening,DR157,0,53,28,Corporate,0-18
APT01223,PAT02405,ENT,Emergency,2025-09-18,14,2025-09-21,9,Acute illness,DR181,0,53,18,Private,51-65
APT01224,PAT07069,General Medicine,Wellness Center,2025-11-03,12,2025-11-06,9,Routine checkup,DR124,0,19,18,Private,0-18
APT01225,PAT01014,Pediatrics,OPD,2025-10-16,9,2025-10-20,14,Acute illness,DR150,1,17,0,Corporate,36-50
APT01226,PAT01799,General Medicine,Emergency,2025-09-29,16,2025-10-11,17,Chronic disease management,DR181,0,58,33,Self-pay,36-50
APT01227,PAT02006,Cardiology,Specialist Clinic,2025-05-11,11,2025-05-22,10,Acute illness,DR151,1,34,0,Private,0-18
APT01228,PAT02688,Pediatrics,Specialist Clinic,2025-12-18,16,2025-12-22,12,Preventive screening,DR139,0,39,20,Private,65+
APT01229,PAT01196,General Medicine,OPD,2025-01-26,14,2025-01-30,17,Acute illness,DR148,0,28,24,Self-pay,51-65
APT01230,PAT01609,Gynecology,Emergency,2025-08-19,15,2025-08-28,10,Preventive screening,DR177,1,43,0,Government,51-65
APT01231,PAT06993,ENT,Wellness Center,2025-12-26,14,2025-12-28,17,Preventive screening,DR114,1,15,0,Corporate,51-65
APT01232,PAT03618,Dermatology,Wellness Center,2025-08-13,9,2025-08-19,16,Routine checkup,DR192,0,30,37,Self-pay,36-50
APT01233,PAT06841,Pediatrics,OPD,2025-10-02,17,2025-10-06,14,Preventive screening,DR141,0,38,32,Government,65+
APT01234,PAT05054,Pediatrics,Emergency,2025-07-09,12,2025-07-13,11,Preventive screening,DR151,0,52,14,Self-pay,51-65
APT01235,PAT02090,Pediatrics,Specialist Clinic,2025-12-25,16,2026-01-02,13,Preventive screening,DR154,0,45,25,Government,0-18
APT01236,PAT06586,Orthopedics,Emergency,2025-04-14,10,2025-04-15,16,Follow-up,DR161,0,58,22,Corporate,65+
APT01237,PAT02140,Dermatology,Specialist Clinic,2025-10-14,8,2025-10-27,11,Acute illness,DR116,0,43,21,Private,51-65
APT01238,PAT08653,General Medicine,Emergency,2025-02-24,8,2025-02-28,17,Chronic disease management,DR160,0,18,38,Self-pay,51-65
APT01239,PAT08784,Orthopedics,Wellness Center,2025-04-25,15,2025-05-04,10,Routine checkup,DR197,0,42,19,Government,36-50
APT01240,PAT07388,Ophthalmology,Emergency,2025-03-07,8,2025-03-19,9,Routine checkup,DR156,0,15,14,Self-pay,0-18
APT01241,PAT05836,Gynecology,Specialist Clinic,2025-03-14,15,2025-03-26,12,Routine checkup,DR144,0,57,31,Corporate,51-65
APT01242,PAT08778,ENT,OPD,2025-08-29,14,2025-08-31,14,Chronic disease management,DR155,0,32,34,Corporate,51-65
APT01243,PAT07187,Gynecology,Emergency,2025-08-22,11,2025-08-29,13,Acute illness,DR102,1,11,0,Private,19-35
APT01244,PAT07223,Gynecology,Specialist Clinic,2025-03-24,11,2025-04-07,16,Chronic disease management,DR125,0,54,15,Government,0-18
APT01245,PAT01217,Gynecology,Wellness Center,2025-10-24,8,2025-10-26,14,Acute illness,DR161,0,52,17,Corporate,0-18
APT01246,PAT02872,Ophthalmology,OPD,2025-02-28,13,2025-03-06,9,Routine checkup,DR105,0,14,22,Government,51-65
APT01247,PAT06712,General Medicine,Emergency,2025-01-05,18,2025-01-06,13,Preventive screening,DR143,1,48,0,Corporate,65+
APT01248,PAT09198,Pediatrics,Emergency,2025-04-15,13,2025-04-19,16,Routine checkup,DR176,0,21,13,Private,65+
APT01249,PAT07298,Cardiology,Emergency,2025-07-26,16,2025-08-03,15,Preventive screening,DR136,0,53,36,Government,19-35
APT01250,PAT09107,Cardiology,Emergency,2025-01-12,18,2025-01-16,15,Preventive screening,DR146,0,19,34,Government,36-50
APT01251,PAT03727,Pediatrics,Wellness Center,2025-07-21,18,2025-07-30,11,Acute illness,DR100,0,12,35,Self-pay,19-35
APT01252,PAT02414,ENT,Specialist Clinic,2025-01-11,18,2025-01-20,15,Routine checkup,DR140,0,15,28,Self-pay,65+
APT01253,PAT09118,Dermatology,OPD,2025-06-23,14,2025-06-28,12,Routine checkup,DR182,0,54,33,Government,19-35
APT01254,PAT04289,Dermatology,OPD,2025-06-13,9,2025-06-20,9,Routine checkup,DR192,0,12,28,Self-pay,65+
APT01255,PAT08264,Dermatology,OPD,2025-11-01,8,2025-11-11,13,Chronic disease management,DR105,1,21,0,Government,36-50
APT01256,PAT03944,Cardiology,OPD,2025-12-24,17,2025-12-29,12,Routine checkup,DR133,0,55,17,Corporate,51-65
APT01257,PAT07453,Dermatology,Emergency,2025-08-06,16,2025-08-08,9,Chronic disease management,DR110,0,18,14,Corporate,65+
APT01258,PAT05201,Gynecology,Wellness Center,2025-02-04,8,2025-02-10,14,Follow-up,DR109,0,15,11,Private,65+
APT01259,PAT08088,Dermatology,Wellness Center,2025-04-19,11,2025-04-30,16,Chronic disease management,DR164,1,28,0,Government,0-18
APT01260,PAT03292,Cardiology,Wellness Center,2025-10-13,17,2025-10-23,12,Preventive screening,DR152,0,56,37,Private,0-18
APT01261,PAT02610,Ophthalmology,Wellness Center,2025-02-23,15,2025-03-02,15,Follow-up,DR184,0,43,27,Government,51-65
APT01262,PAT07496,Pediatrics,Emergency,2025-05-01,15,2025-05-08,15,Follow-up,DR175,1,20,0,Government,51-65
APT01263,PAT09435,Ophthalmology,OPD,2025-08-10,17,2025-08-17,12,Preventive screening,DR182,0,35,12,Corporate,36-50
APT01264,PAT04962,General Medicine,Specialist Clinic,2025-03-28,17,2025-03-31,17,Routine checkup,DR117,0,30,20,Corporate,51-65
APT01265,PAT09126,ENT,Wellness Center,2025-08-27,12,2025-08-30,9,Chronic disease management,DR124,0,45,21,Self-pay,36-50
APT01266,PAT08222,Gynecology,OPD,2025-01-16,14,2025-01-18,14,Preventive screening,DR170,0,47,16,Self-pay,19-35
APT01267,PAT06749,Pediatrics,OPD,2025-10-30,16,2025-11-13,17,Preventive screening,DR110,0,51,13,Private,65+
APT01268,PAT06915,General Medicine,OPD,2025-08-08,8,2025-08-09,11,Acute illness,DR134,0,48,32,Government,65+
APT01269,PAT08586,Ophthalmology,OPD,2025-08-17,18,2025-08-26,12,Routine checkup,DR199,0,19,28,Government,0-18
APT01270,PAT01216,Orthopedics,OPD,2025-03-05,18,2025-03-07,17,Preventive screening,DR180,0,12,25,Private,19-35
APT01271,PAT06646,General Medicine,Emergency,2025-10-20,10,2025-11-02,11,Follow-up,DR124,0,36,29,Government,0-18
APT01272,PAT01685,General Medicine,OPD,2025-11-21,15,2025-11-30,12,Routine checkup,DR117,0,26,35,Government,51-65
APT01273,PAT08392,ENT,Specialist Clinic,2025-11-30,11,2025-12-12,16,Acute illness,DR103,1,54,0,Private,51-65
APT01274,PAT07020,Gynecology,Wellness Center,2025-12-20,18,2025-12-22,16,Acute illness,DR106,0,56,22,Corporate,19-35
APT01275,PAT07105,Gynecology,Emergency,2025-07-05,12,2025-07-16,14,Routine checkup,DR135,0,34,30,Corporate,65+
APT01276,PAT09423,ENT,Emergency,2025-10-02,18,2025-10-13,13,Chronic disease management,DR125,0,60,19,Government,36-50
APT01277,PAT07823,ENT,Wellness Center,2025-12-02,11,2025-12-11,15,Preventive screening,DR138,0,43,20,Government,19-35
APT01278,PAT09593,Ophthalmology,Wellness Center,2025-01-16,8,2025-01-30,17,Chronic disease management,DR137,0,25,15,Corporate,65+
APT01279,PAT08055,Gynecology,Specialist Clinic,2025-10-15,16,2025-10-19,9,Acute illness,DR103,0,58,33,Private,36-50
APT01280,PAT09716,General Medicine,Specialist Clinic,2025-01-31,14,2025-02-06,16,Follow-up,DR193,0,10,11,Corporate,19-35
APT01281,PAT08658,Dermatology,Wellness Center,2025-05-24,11,2025-05-27,16,Follow-up,DR175,0,30,18,Private,0-18
APT01282,PAT03256,General Medicine,Specialist Clinic,2025-05-04,16,2025-05-13,14,Routine checkup,DR145,1,12,0,Government,0-18
APT01283,PAT02543,General Medicine,Specialist Clinic,2025-06-03,11,2025-06-09,14,Follow-up,DR108,0,18,39,Corporate,65+
APT01284,PAT09052,Dermatology,Specialist Clinic,2025-05-16,11,2025-05-29,10,Routine checkup,DR114,0,19,17,Private,65+
APT01285,PAT04025,Orthopedics,Wellness Center,2025-01-15,12,2025-01-20,11,Chronic disease management,DR155,0,53,22,Government,36-50
APT01286,PAT09124,General Medicine,Emergency,2025-02-26,16,2025-03-10,12,Chronic disease management,DR191,0,53,21,Private,36-50
APT01287,PAT08067,Gynecology,OPD,2025-06-25,17,2025-06-27,10,Chronic disease management,DR129,0,30,13,Self-pay,51-65
APT01288,PAT06122,Pediatrics,Emergency,2025-12-07,15,2025-12-12,9,Preventive screening,DR117,0,40,15,Self-pay,51-65
APT01289,PAT07312,Dermatology,OPD,2025-08-22,10,2025-08-26,10,Acute illness,DR160,0,33,40,Corporate,19-35
APT01290,PAT07951,Cardiology,OPD,2025-08-06,16,2025-08-11,13,Chronic disease management,DR115,0,42,35,Corporate,51-65
APT01291,PAT04834,General Medicine,OPD,2025-03-23,17,2025-03-24,15,Follow-up,DR102,0,60,37,Government,65+
APT01292,PAT09094,Cardiology,OPD,2025-11-03,12,2025-11-09,14,Routine checkup,DR191,0,31,33,Government,19-35
APT01293,PAT02637,ENT,Emergency,2025-12-13,11,2025-12-25,13,Follow-up,DR199,0,43,39,Self-pay,36-50
APT01294,PAT03494,Cardiology,OPD,2025-09-15,10,2025-09-21,14,Chronic disease management,DR131,0,35,19,Private,0-18
APT01295,PAT04891,Orthopedics,OPD,2025-12-14,11,2025-12-17,13,Follow-up,DR160,0,33,34,Private,51-65
APT01296,PAT02047,Orthopedics,OPD,2025-07-13,13,2025-07-21,13,Chronic disease management,DR103,0,57,19,Private,19-35
APT01297,PAT05075,Dermatology,Wellness Center,2025-02-13,17,2025-02-22,14,Follow-up,DR110,0,12,31,Government,65+
APT01298,PAT02756,Cardiology,Specialist Clinic,2025-09-05,8,2025-09-13,15,Follow-up,DR187,0,47,13,Corporate,65+
APT01299,PAT08404,Pediatrics,Emergency,2025-03-06,10,2025-03-13,17,Routine checkup,DR154,0,19,31,Self-pay,0-18
APT01300,PAT03549,Dermatology,Emergency,2025-09-15,9,2025-09-23,17,Follow-up,DR150,0,46,38,Self-pay,36-50
APT01301,PAT08930,Ophthalmology,OPD,2025-08-15,8,2025-08-19,14,Follow-up,DR172,0,42,31,Corporate,51-65
APT01302,PAT02326,Gynecology,Specialist Clinic,2025-01-01,11,2025-01-09,9,Acute illness,DR135,0,30,11,Self-pay,19-35
APT01303,PAT09531,ENT,Emergency,2025-01-04,16,2025-01-07,16,Chronic disease management,DR178,0,12,38,Government,36-50
APT01304,PAT06180,General Medicine,Wellness Center,2025-11-23,15,2025-11-29,15,Routine checkup,DR130,1,51,0,Self-pay,36-50
APT01305,PAT08524,Dermatology,Specialist Clinic,2025-01-05,12,2025-01-15,10,Chronic disease management,DR191,0,56,14,Government,51-65
APT01306,PAT04990,Cardiology,Emergency,2025-10-05,15,2025-10-14,11,Routine checkup,DR106,1,58,0,Private,0-18
APT01307,PAT02647,Gynecology,Specialist Clinic,2025-05-05,10,2025-05-09,11,Routine checkup,DR112,0,25,27,Government,36-50
APT01308,PAT04227,General Medicine,OPD,2025-05-01,18,2025-05-04,15,Chronic disease management,DR115,0,56,34,Corporate,19-35
APT01309,PAT02408,General Medicine,Wellness Center,2025-08-01,11,2025-08-15,15,Chronic disease management,DR101,0,39,33,Private,51-65
APT01310,PAT01379,Orthopedics,Specialist Clinic,2025-08-08,10,2025-08-16,10,Acute illness,DR189,1,55,0,Self-pay,0-18
APT01311,PAT04955,Ophthalmology,Specialist Clinic,2025-08-31,16,2025-09-01,14,Routine checkup,DR183,1,52,0,Private,0-18
APT01312,PAT07083,Ophthalmology,OPD,2025-04-03,9,2025-04-07,10,Chronic disease management,DR133,1,51,0,Private,36-50
APT01313,PAT03322,ENT,Wellness Center,2025-05-13,13,2025-05-19,14,Preventive screening,DR114,0,48,15,Corporate,51-65
APT01314,PAT02905,Dermatology,Wellness Center,2025-09-13,10,2025-09-15,15,Follow-up,DR174,0,32,22,Self-pay,19-35
APT01315,PAT08219,ENT,Emergency,2025-07-25,8,2025-08-07,14,Acute illness,DR163,0,23,24,Self-pay,19-35
APT01316,PAT01762,Ophthalmology,Emergency,2025-10-06,10,2025-10-20,12,Acute illness,DR185,0,34,40,Self-pay,36-50
APT01317,PAT03882,ENT,Wellness Center,2025-06-02,14,2025-06-15,12,Follow-up,DR100,0,28,40,Self-pay,0-18
APT01318,PAT03852,Cardiology,OPD,2025-08-23,13,2025-08-30,11,Acute illness,DR165,0,24,13,Corporate,65+
APT01319,PAT01445,ENT,Specialist Clinic,2025-08-04,14,2025-08-08,14,Preventive screening,DR168,0,46,22,Corporate,0-18
APT01320,PAT05559,Dermatology,Emergency,2025-04-21,15,2025-04-28,12,Preventive screening,DR193,1,24,0,Self-pay,36-50
APT01321,PAT02861,Orthopedics,Emergency,2025-10-23,15,2025-10-26,9,Preventive screening,DR142,0,48,17,Private,0-18
APT01322,PAT03378,General Medicine,OPD,2025-01-23,9,2025-01-28,17,Preventive screening,DR121,0,18,26,Government,36-50
APT01323,PAT09789,Dermatology,OPD,2025-09-03,15,2025-09-05,15,Routine checkup,DR161,1,31,0,Corporate,65+
APT01324,PAT08816,Gynecology,Specialist Clinic,2025-11-10,17,2025-11-22,16,Chronic disease management,DR176,0,13,20,Government,19-35
APT01325,PAT09950,Cardiology,Wellness Center,2025-02-24,13,2025-03-04,15,Acute illness,DR166,0,57,13,Self-pay,0-18
APT01326,PAT06134,Ophthalmology,Wellness Center,2025-08-10,11,2025-08-12,10,Preventive screening,DR125,0,16,15,Corporate,36-50
APT01327,PAT07789,Orthopedics,OPD,2025-06-30,14,2025-07-08,13,Chronic disease management,DR152,0,23,25,Self-pay,0-18
APT01328,PAT01877,Dermatology,Wellness Center,2025-10-21,16,2025-11-04,11,Routine checkup,DR114,0,58,16,Self-pay,51-65
APT01329,PAT03813,Ophthalmology,OPD,2025-02-09,14,2025-02-16,12,Follow-up,DR153,0,17,35,Government,0-18
APT01330,PAT01600,Pediatrics,OPD,2025-08-29,12,2025-09-08,9,Follow-up,DR160,0,53,15,Private,36-50
APT01331,PAT06599,Pediatrics,Wellness Center,2025-07-10,11,2025-07-19,17,Routine checkup,DR119,0,40,37,Private,19-35
APT01332,PAT06278,Orthopedics,Specialist Clinic,2025-11-06,9,2025-11-17,16,Acute illness,DR108,0,48,32,Government,36-50
APT01333,PAT07897,Gynecology,Emergency,2025-10-13,9,2025-10-15,11,Follow-up,DR151,0,12,13,Corporate,19-35
APT01334,PAT02600,Gynecology,Emergency,2025-10-20,16,2025-10-30,13,Acute illness,DR129,0,16,20,Corporate,19-35
APT01335,PAT08705,Dermatology,Wellness Center,2025-01-27,16,2025-02-06,14,Chronic disease management,DR105,1,51,0,Corporate,36-50
APT01336,PAT05547,Ophthalmology,OPD,2025-07-05,16,2025-07-18,11,Routine checkup,DR158,1,40,0,Government,36-50
APT01337,PAT09326,Cardiology,OPD,2025-11-30,9,2025-12-13,12,Follow-up,DR179,0,40,16,Corporate,51-65
APT01338,PAT04708,Orthopedics,Specialist Clinic,2025-01-15,8,2025-01-23,11,Acute illness,DR116,0,51,15,Government,36-50
APT01339,PAT02004,Dermatology,Wellness Center,2025-02-18,18,2025-03-02,12,Follow-up,DR193,0,25,23,Private,36-50
APT01340,PAT06079,Cardiology,Specialist Clinic,2025-01-08,12,2025-01-10,11,Acute illness,DR197,0,45,37,Private,19-35
APT01341,PAT05579,General Medicine,Emergency,2025-12-09,13,2025-12-20,9,Chronic disease management,DR139,1,38,0,Corporate,36-50
APT01342,PAT09433,Cardiology,Wellness Center,2025-12-26,18,2025-12-28,10,Acute illness,DR153,0,27,10,Private,0-18
APT01343,PAT09833,Pediatrics,OPD,2025-06-08,11,2025-06-16,16,Routine checkup,DR140,0,29,36,Government,36-50
APT01344,PAT03934,General Medicine,Wellness Center,2025-06-16,9,2025-06-18,10,Routine checkup,DR182,0,22,20,Corporate,36-50
APT01345,PAT03874,Orthopedics,OPD,2025-11-12,18,2025-11-17,11,Follow-up,DR161,0,34,32,Corporate,51-65
APT01346,PAT03750,ENT,Specialist Clinic,2025-10-26,11,2025-11-06,12,Chronic disease management,DR149,0,15,28,Private,0-18
APT01347,PAT01266,Dermatology,Emergency,2025-02-03,12,2025-02-14,11,Acute illness,DR183,0,50,37,Government,36-50
APT01348,PAT09394,ENT,Emergency,2025-01-02,12,2025-01-09,15,Follow-up,DR125,0,29,31,Government,19-35
APT01349,PAT09631,Ophthalmology,Wellness Center,2025-05-12,14,2025-05-16,13,Routine checkup,DR164,0,37,34,Private,36-50
APT01350,PAT03893,Dermatology,Wellness Center,2025-03-31,17,2025-04-05,11,Chronic disease management,DR142,0,31,10,Corporate,36-50
APT01351,PAT06691,General Medicine,Emergency,2025-04-15,16,2025-04-21,17,Chronic disease management,DR147,0,48,18,Corporate,0-18
APT01352,PAT07913,ENT,Specialist Clinic,2025-05-08,13,2025-05-18,12,Acute illness,DR176,0,16,36,Corporate,51-65
APT01353,PAT09569,Gynecology,Emergency,2025-06-18,8,2025-06-19,9,Chronic disease management,DR175,0,31,18,Government,65+
APT01354,PAT05666,Dermatology,Wellness Center,2025-09-18,18,2025-09-26,15,Chronic disease management,DR155,0,37,24,Private,51-65
APT01355,PAT01364,Cardiology,Wellness Center,2025-01-09,17,2025-01-16,9,Routine checkup,DR133,0,49,24,Self-pay,0-18
APT01356,PAT05271,Dermatology,Wellness Center,2025-01-14,9,2025-01-27,14,Preventive screening,DR161,0,32,23,Corporate,36-50
APT01357,PAT09276,Pediatrics,Wellness Center,2025-01-01,8,2025-01-12,10,Preventive screening,DR162,1,52,0,Private,36-50
APT01358,PAT04399,Orthopedics,Specialist Clinic,2025-10-16,17,2025-10-28,15,Chronic disease management,DR166,0,30,10,Private,36-50
APT01359,PAT07693,Pediatrics,Emergency,2025-01-09,15,2025-01-20,14,Acute illness,DR105,0,18,36,Private,19-35
APT01360,PAT09799,Cardiology,Emergency,2025-10-15,13,2025-10-22,16,Routine checkup,DR138,0,12,37,Government,36-50
APT01361,PAT09036,Dermatology,Wellness Center,2025-01-29,10,2025-02-12,15,Acute illness,DR165,0,60,12,Corporate,19-35
APT01362,PAT07671,Gynecology,OPD,2025-09-22,18,2025-10-03,15,Follow-up,DR141,0,42,21,Government,0-18
APT01363,PAT03315,Cardiology,Wellness Center,2025-02-13,16,2025-02-14,15,Chronic disease management,DR142,0,15,40,Government,0-18
APT01364,PAT09023,Pediatrics,Wellness Center,2025-05-31,13,2025-06-11,17,Preventive screening,DR197,1,40,0,Self-pay,19-35
APT01365,PAT04183,ENT,Wellness Center,2025-07-18,11,2025-07-24,13,Acute illness,DR187,1,28,0,Government,65+
APT01366,PAT05007,ENT,Emergency,2025-05-13,9,2025-05-20,17,Routine checkup,DR186,0,19,16,Government,36-50
APT01367,PAT01783,ENT,Wellness Center,2025-08-14,11,2025-08-25,10,Preventive screening,DR138,1,27,0,Private,51-65
APT01368,PAT03226,Orthopedics,Wellness Center,2025-08-25,11,2025-09-01,15,Preventive screening,DR168,0,30,32,Self-pay,65+
APT01369,PAT05341,Ophthalmology,Wellness Center,2025-11-11,13,2025-11-20,13,Acute illness,DR183,0,25,40,Private,65+
APT01370,PAT04117,Orthopedics,Wellness Center,2025-12-31,15,2026-01-06,13,Routine checkup,DR196,0,60,17,Corporate,51-65
APT01371,PAT05344,Ophthalmology,Emergency,2025-08-27,8,2025-09-03,16,Preventive screening,DR159,0,32,12,Private,65+
APT01372,PAT02245,Dermatology,Specialist Clinic,2025-08-16,15,2025-08-22,12,Follow-up,DR107,0,49,28,Self-pay,0-18
APT01373,PAT05550,General Medicine,OPD,2025-11-26,14,2025-12-08,14,Preventive screening,DR145,0,56,26,Government,19-35
APT01374,PAT09607,Gynecology,Specialist Clinic,2025-05-29,18,2025-06-10,15,Acute illness,DR131,0,31,40,Government,19-35
APT01375,PAT01522,ENT,OPD,2025-12-13,8,2025-12-16,13,Preventive screening,DR103,0,46,33,Self-pay,0-18
APT01376,PAT06925,Dermatology,Wellness Center,2025-01-31,9,2025-02-12,10,Chronic disease management,DR188,0,58,29,Corporate,36-50
APT01377,PAT06214,Cardiology,Emergency,2025-02-11,15,2025-02-13,13,Preventive screening,DR154,0,14,19,Private,51-65
APT01378,PAT07690,Cardiology,Wellness Center,2025-08-18,18,2025-08-25,9,Acute illness,DR192,0,39,33,Corporate,51-65
APT01379,PAT03412,ENT,OPD,2025-12-10,13,2025-12-21,11,Acute illness,DR151,0,31,29,Private,0-18
APT01380,PAT03688,Cardiology,Emergency,2025-09-27,11,2025-10-08,9,Follow-up,DR173,0,55,15,Corporate,51-65
APT01381,PAT08883,General Medicine,Emergency,2025-05-27,17,2025-06-10,17,Preventive screening,DR122,0,19,12,Private,0-18
APT01382,PAT09715,Dermatology,Wellness Center,2025-07-01,14,2025-07-03,9,Acute illness,DR162,0,29,24,Government,19-35
APT01383,PAT09197,Cardiology,Specialist Clinic,2025-10-10,10,2025-10-20,13,Preventive screening,DR138,0,29,36,Government,0-18
APT01384,PAT01273,Gynecology,Emergency,2025-04-07,11,2025-04-13,17,Preventive screening,DR182,0,24,36,Private,0-18
APT01385,PAT09141,ENT,Wellness Center,2025-10-03,12,2025-10-15,10,Follow-up,DR111,0,23,39,Private,0-18
APT01386,PAT06821,Dermatology,Specialist Clinic,2025-09-16,11,2025-09-27,13,Preventive screening,DR198,1,30,0,Self-pay,36-50
APT01387,PAT02948,Pediatrics,Wellness Center,2025-04-18,16,2025-04-28,14,Acute illness,DR179,0,49,11,Private,0-18
APT01388,PAT09500,ENT,OPD,2025-03-29,14,2025-04-07,16,Acute illness,DR197,0,49,15,Government,65+
APT01389,PAT06096,Cardiology,OPD,2025-04-16,16,2025-04-30,9,Routine checkup,DR125,0,44,12,Private,51-65
APT01390,PAT03835,Orthopedics,Specialist Clinic,2025-04-07,10,2025-04-12,10,Chronic disease management,DR147,0,46,24,Government,0-18
APT01391,PAT09437,Cardiology,Specialist Clinic,2025-10-28,10,2025-11-09,16,Follow-up,DR137,0,15,12,Private,51-65
APT01392,PAT06838,Dermatology,Specialist Clinic,2025-02-15,11,2025-02-19,9,Routine checkup,DR141,1,24,0,Self-pay,19-35
APT01393,PAT08369,Gynecology,Wellness Center,2025-01-31,16,2025-02-13,10,Routine checkup,DR106,0,49,38,Corporate,36-50
APT01394,PAT06125,Gynecology,Specialist Clinic,2025-11-11,15,2025-11-20,15,Preventive screening,DR130,0,57,35,Private,36-50
APT01395,PAT02610,Orthopedics,Emergency,2025-06-05,14,2025-06-07,13,Acute illness,DR119,0,13,23,Private,0-18
APT01396,PAT02714,Cardiology,Wellness Center,2025-11-13,18,2025-11-25,15,Chronic disease management,DR111,1,11,0,Self-pay,65+
APT01397,PAT03195,Orthopedics,OPD,2025-11-22,14,2025-11-25,17,Follow-up,DR153,0,42,39,Government,19-35
APT01398,PAT07588,Ophthalmology,Emergency,2025-12-18,18,2025-12-20,15,Chronic disease management,DR172,0,59,22,Government,0-18
APT01399,PAT02414,Gynecology,OPD,2025-09-28,8,2025-10-02,14,Chronic disease management,DR129,0,18,31,Private,51-65
APT01400,PAT08468,Orthopedics,OPD,2025-03-08,11,2025-03-21,11,Follow-up,DR103,0,12,40,Corporate,36-50
APT01401,PAT05162,Ophthalmology,Emergency,2025-10-14,16,2025-10-20,16,Routine checkup,DR118,0,49,21,Self-pay,36-50
APT01402,PAT09384,General Medicine,OPD,2025-06-21,10,2025-06-24,17,Preventive screening,DR102,0,34,11,Private,65+
APT01403,PAT07856,Orthopedics,Specialist Clinic,2025-01-15,12,2025-01-18,16,Acute illness,DR157,0,35,32,Private,0-18
APT01404,PAT09235,Gynecology,Specialist Clinic,2025-10-24,14,2025-10-25,15,Acute illness,DR126,0,12,13,Corporate,36-50
APT01405,PAT03204,Pediatrics,Emergency,2025-11-18,16,2025-12-02,17,Preventive screening,DR167,0,42,39,Corporate,51-65
APT01406,PAT07379,Dermatology,OPD,2025-06-27,14,2025-07-04,11,Follow-up,DR175,1,11,0,Self-pay,0-18
APT01407,PAT05578,ENT,Wellness Center,2025-04-10,17,2025-04-19,13,Preventive screening,DR110,1,58,0,Self-pay,19-35
APT01408,PAT05200,Dermatology,Specialist Clinic,2025-09-18,11,2025-09-19,17,Follow-up,DR191,0,46,19,Private,0-18
APT01409,PAT01782,Cardiology,Specialist Clinic,2025-10-29,11,2025-11-10,13,Preventive screening,DR116,0,45,17,Private,0-18
APT01410,PAT06429,Dermatology,Emergency,2025-07-29,10,2025-08-06,15,Preventive screening,DR101,0,45,18,Corporate,65+
APT01411,PAT03445,Pediatrics,Emergency,2025-07-31,13,2025-08-14,17,Follow-up,DR120,0,43,38,Government,65+
APT01412,PAT03527,Cardiology,Emergency,2025-01-01,13,2025-01-14,12,Routine checkup,DR155,0,42,26,Private,51-65
APT01413,PAT07920,Gynecology,Wellness Center,2025-10-02,14,2025-10-14,16,Chronic disease management,DR102,0,49,40,Corporate,36-50
APT01414,PAT05404,Dermatology,Specialist Clinic,2025-06-15,17,2025-06-28,14,Chronic disease management,DR160,0,31,14,Self-pay,19-35
APT01415,PAT08824,Dermatology,Specialist Clinic,2025-07-02,13,2025-07-13,14,Chronic disease management,DR180,1,20,0,Corporate,36-50
APT01416,PAT02425,Ophthalmology,OPD,2025-10-03,18,2025-10-15,13,Chronic disease management,DR149,0,53,38,Government,51-65
APT01417,PAT02930,Cardiology,Wellness Center,2025-08-16,14,2025-08-22,13,Acute illness,DR128,0,27,29,Corporate,36-50
APT01418,PAT08140,Pediatrics,Specialist Clinic,2025-06-12,9,2025-06-14,15,Preventive screening,DR167,0,48,23,Government,0-18
APT01419,PAT09262,Dermatology,Emergency,2025-01-26,8,2025-02-05,10,Preventive screening,DR124,0,12,12,Private,65+
APT01420,PAT05600,Orthopedics,Emergency,2025-09-01,10,2025-09-12,17,Acute illness,DR197,0,44,35,Government,36-50
APT01421,PAT07720,Orthopedics,OPD,2025-12-06,17,2025-12-16,17,Acute illness,DR155,0,51,32,Self-pay,0-18
APT01422,PAT04342,General Medicine,Emergency,2025-11-21,12,2025-12-05,17,Routine checkup,DR109,0,31,37,Government,51-65
APT01423,PAT08962,ENT,OPD,2025-05-04,13,2025-05-10,14,Acute illness,DR134,0,36,38,Self-pay,36-50
APT01424,PAT01670,Orthopedics,Wellness Center,2025-05-06,15,2025-05-16,13,Preventive screening,DR181,0,54,14,Corporate,19-35
APT01425,PAT07473,Pediatrics,Specialist Clinic,2025-01-25,17,2025-02-05,10,Routine checkup,DR176,0,54,14,Private,51-65
APT01426,PAT06970,Orthopedics,OPD,2025-08-16,10,2025-08-28,10,Acute illness,DR141,0,56,38,Government,65+
APT01427,PAT08438,General Medicine,Specialist Clinic,2025-05-06,13,2025-05-20,17,Follow-up,DR111,0,20,22,Government,51-65
APT01428,PAT09388,Pediatrics,Specialist Clinic,2025-05-14,12,2025-05-18,15,Routine checkup,DR157,0,45,29,Self-pay,51-65
APT01429,PAT02059,Cardiology,Wellness Center,2025-06-25,15,2025-06-27,14,Acute illness,DR108,0,19,28,Private,36-50
APT01430,PAT03706,Gynecology,Specialist Clinic,2025-02-19,11,2025-03-04,10,Preventive screening,DR135,0,49,27,Government,65+
APT01431,PAT06510,Dermatology,Wellness Center,2025-12-11,12,2025-12-24,16,Preventive screening,DR155,0,32,22,Private,65+
APT01432,PAT05964,General Medicine,Specialist Clinic,2025-01-19,18,2025-01-27,12,Acute illness,DR128,0,59,23,Corporate,51-65
APT01433,PAT03862,ENT,Emergency,2025-02-22,8,2025-02-28,13,Chronic disease management,DR106,0,41,22,Government,36-50
APT01434,PAT08599,Dermatology,Wellness Center,2025-02-27,9,2025-03-05,9,Routine checkup,DR114,0,17,40,Private,36-50
APT01435,PAT05306,Dermatology,Emergency,2025-08-25,18,2025-09-02,10,Acute illness,DR188,0,44,25,Government,19-35
APT01436,PAT06517,Ophthalmology,Wellness Center,2025-06-30,12,2025-07-06,10,Follow-up,DR143,0,27,30,Corporate,36-50
APT01437,PAT07129,Pediatrics,Wellness Center,2025-02-18,11,2025-02-25,14,Follow-up,DR130,0,19,27,Private,36-50
APT01438,PAT06636,General Medicine,Wellness Center,2025-06-28,17,2025-07-07,13,Preventive screening,DR146,0,42,13,Corporate,51-65
APT01439,PAT02926,Gynecology,Emergency,2025-01-23,14,2025-01-26,11,Follow-up,DR127,0,57,33,Private,51-65
APT01440,PAT05122,General Medicine,Wellness Center,2025-01-01,17,2025-01-06,16,Routine checkup,DR132,0,56,25,Corporate,19-35
APT01441,PAT06571,Pediatrics,OPD,2025-05-29,16,2025-05-31,12,Preventive screening,DR136,0,33,32,Corporate,0-18
APT01442,PAT07361,General Medicine,OPD,2025-03-04,8,2025-03-12,10,Preventive screening,DR144,0,49,31,Self-pay,0-18
APT01443,PAT08536,General Medicine,Specialist Clinic,2025-02-23,17,2025-03-03,9,Preventive screening,DR169,0,37,32,Government,65+
APT01444,PAT03557,Cardiology,OPD,2025-06-10,13,2025-06-16,12,Chronic disease management,DR198,0,60,39,Corporate,51-65
APT01445,PAT04243,Dermatology,Wellness Center,2025-07-25,15,2025-08-05,12,Acute illness,DR186,0,60,21,Corporate,0-18
APT01446,PAT09748,Ophthalmology,Emergency,2025-09-08,12,2025-09-09,10,Follow-up,DR129,1,32,0,Self-pay,19-35
APT01447,PAT01772,Cardiology,Wellness Center,2025-11-10,12,2025-11-11,11,Preventive screening,DR181,0,29,29,Government,51-65
APT01448,PAT07783,Dermatology,Wellness Center,2025-07-27,9,2025-08-10,13,Chronic disease management,DR102,0,22,32,Self-pay,0-18
APT01449,PAT08159,Dermatology,Specialist Clinic,2025-08-22,16,2025-09-02,11,Preventive screening,DR103,0,42,15,Private,19-35
APT01450,PAT08714,Dermatology,Specialist Clinic,2025-12-09,9,2025-12-16,11,Chronic disease management,DR197,0,43,22,Corporate,65+
APT01451,PAT04213,Orthopedics,Emergency,2025-02-23,9,2025-02-25,13,Follow-up,DR141,0,20,35,Corporate,0-18
APT01452,PAT09954,Ophthalmology,Emergency,2025-02-25,13,2025-03-07,13,Preventive screening,DR197,0,58,20,Corporate,36-50
APT01453,PAT07099,Gynecology,Emergency,2025-11-19,10,2025-11-30,14,Acute illness,DR135,0,28,39,Self-pay,0-18
APT01454,PAT07259,Pediatrics,Wellness Center,2025-09-24,11,2025-09-26,17,Routine checkup,DR187,1,31,0,Government,0-18
APT01455,PAT04545,Cardiology,Wellness Center,2025-04-16,14,2025-04-25,17,Acute illness,DR199,0,16,27,Private,51-65
APT01456,PAT03716,ENT,OPD,2025-02-11,9,2025-02-16,13,Chronic disease management,DR131,0,22,17,Private,36-50
APT01457,PAT03768,Cardiology,Emergency,2025-01-31,14,2025-02-02,9,Follow-up,DR100,0,42,25,Corporate,36-50
APT01458,PAT01173,General Medicine,Wellness Center,2025-08-28,18,2025-09-05,16,Preventive screening,DR113,0,44,17,Corporate,51-65
APT01459,PAT07898,Pediatrics,Wellness Center,2025-03-15,9,2025-03-27,15,Follow-up,DR112,1,41,0,Government,0-18
APT01460,PAT05911,ENT,OPD,2025-05-25,16,2025-06-03,15,Chronic disease management,DR128,0,12,17,Government,51-65
APT01461,PAT05205,Pediatrics,Wellness Center,2025-06-02,15,2025-06-13,13,Routine checkup,DR175,0,49,12,Corporate,0-18
APT01462,PAT01334,Dermatology,Wellness Center,2025-06-15,12,2025-06-27,9,Chronic disease management,DR192,0,55,34,Corporate,0-18
APT01463,PAT02875,Orthopedics,Wellness Center,2025-04-28,18,2025-05-03,9,Routine checkup,DR170,0,14,33,Private,65+
APT01464,PAT09926,Dermatology,Emergency,2025-10-21,17,2025-10-23,15,Preventive screening,DR101,0,39,18,Government,0-18
APT01465,PAT07520,Cardiology,Emergency,2025-06-20,13,2025-06-24,11,Preventive screening,DR100,0,18,15,Self-pay,51-65
APT01466,PAT09356,General Medicine,Wellness Center,2025-10-20,13,2025-11-01,13,Chronic disease management,DR101,0,19,37,Government,19-35
APT01467,PAT05883,Dermatology,Emergency,2025-07-08,18,2025-07-17,10,Routine checkup,DR152,0,33,24,Government,36-50
APT01468,PAT05156,Gynecology,Wellness Center,2025-02-13,17,2025-02-21,12,Acute illness,DR115,0,11,38,Government,0-18
APT01469,PAT09897,Cardiology,Emergency,2025-06-05,11,2025-06-06,10,Chronic disease management,DR142,0,33,26,Corporate,65+
APT01470,PAT08434,Dermatology,OPD,2025-10-24,15,2025-10-25,16,Routine checkup,DR162,0,54,10,Government,0-18
APT01471,PAT05971,Ophthalmology,OPD,2025-06-26,10,2025-07-03,13,Preventive screening,DR100,0,31,12,Corporate,36-50
APT01472,PAT06255,Dermatology,Emergency,2025-10-04,11,2025-10-17,16,Preventive screening,DR171,0,26,13,Corporate,51-65
APT01473,PAT01153,ENT,Wellness Center,2025-08-23,12,2025-08-31,12,Acute illness,DR141,0,51,36,Corporate,19-35
APT01474,PAT01730,Ophthalmology,Emergency,2025-02-10,11,2025-02-21,11,Acute illness,DR174,0,60,23,Corporate,36-50
APT01475,PAT01005,Pediatrics,Specialist Clinic,2025-09-13,16,2025-09-18,13,Chronic disease management,DR105,1,47,0,Private,51-65
APT01476,PAT06643,Cardiology,Wellness Center,2025-04-22,8,2025-05-06,14,Acute illness,DR120,0,40,11,Corporate,65+
APT01477,PAT07775,Gynecology,OPD,2025-10-26,9,2025-11-01,10,Routine checkup,DR161,0,46,25,Corporate,36-50
APT01478,PAT06752,Gynecology,Wellness Center,2025-08-19,13,2025-08-25,16,Follow-up,DR165,0,46,35,Corporate,19-35
APT01479,PAT06535,Dermatology,Specialist Clinic,2025-03-27,18,2025-04-03,9,Follow-up,DR174,0,10,29,Private,51-65
APT01480,PAT01186,Pediatrics,Wellness Center,2025-09-28,14,2025-10-12,11,Preventive screening,DR108,0,23,26,Government,51-65
APT01481,PAT08255,General Medicine,Wellness Center,2025-10-08,15,2025-10-16,16,Chronic disease management,DR147,0,39,11,Government,65+
APT01482,PAT04650,ENT,Wellness Center,2025-10-17,15,2025-10-31,11,Preventive screening,DR108,1,52,0,Self-pay,0-18
APT01483,PAT03018,Dermatology,Emergency,2025-08-13,16,2025-08-26,15,Follow-up,DR123,0,52,35,Self-pay,51-65
APT01484,PAT03686,Orthopedics,Emergency,2025-10-04,11,2025-10-15,12,Routine checkup,DR118,0,23,29,Government,36-50
APT01485,PAT01451,General Medicine,Wellness Center,2025-05-24,17,2025-05-31,13,Follow-up,DR187,0,10,22,Private,19-35
APT01486,PAT07419,Ophthalmology,Specialist Clinic,2025-04-08,10,2025-04-14,13,Routine checkup,DR117,0,42,20,Government,51-65
APT01487,PAT05340,ENT,Specialist Clinic,2025-01-25,16,2025-01-26,17,Acute illness,DR136,0,44,25,Private,19-35
APT01488,PAT06932,General Medicine,Specialist Clinic,2025-02-24,12,2025-02-26,11,Chronic disease management,DR100,0,30,17,Corporate,51-65
APT01489,PAT01489,Pediatrics,Wellness Center,2025-06-04,16,2025-06-07,15,Chronic disease management,DR167,0,50,40,Corporate,65+
APT01490,PAT03130,Orthopedics,Emergency,2025-07-23,9,2025-07-24,12,Routine checkup,DR161,1,12,0,Self-pay,65+
APT01491,PAT04421,ENT,Emergency,2025-06-16,16,2025-06-25,16,Chronic disease management,DR167,0,59,25,Government,65+
APT01492,PAT03580,Cardiology,Specialist Clinic,2025-09-12,17,2025-09-16,14,Preventive screening,DR122,0,46,36,Self-pay,51-65
APT01493,PAT02881,ENT,Wellness Center,2025-12-08,8,2025-12-18,12,Follow-up,DR197,0,21,27,Self-pay,51-65
APT01494,PAT01677,Pediatrics,Emergency,2025-01-03,16,2025-01-04,16,Acute illness,DR143,1,53,0,Self-pay,19-35
APT01495,PAT01059,Orthopedics,OPD,2025-01-11,15,2025-01-14,14,Acute illness,DR146,0,27,12,Corporate,36-50
APT01496,PAT02116,Orthopedics,OPD,2025-09-29,12,2025-10-07,15,Preventive screening,DR116,0,39,20,Self-pay,0-18
APT01497,PAT08328,ENT,Specialist Clinic,2025-07-02,12,2025-07-05,11,Routine checkup,DR129,0,56,22,Self-pay,51-65
APT01498,PAT09894,Pediatrics,Emergency,2025-10-01,11,2025-10-14,9,Chronic disease management,DR147,0,42,40,Corporate,19-35
APT01499,PAT01171,Dermatology,Wellness Center,2025-05-02,8,2025-05-14,10,Acute illness,DR142,0,38,29,Government,19-35
APT01500,PAT09708,Ophthalmology,Specialist Clinic,2025-03-10,16,2025-03-17,10,Chronic disease management,DR181,1,39,0,Self-pay,0-18
APT01501,PAT09132,Cardiology,Wellness Center,2025-07-06,18,2025-07-07,11,Routine checkup,DR179,0,18,21,Self-pay,65+
APT01502,PAT03535,Cardiology,Specialist Clinic,2025-03-08,10,2025-03-09,12,Follow-up,DR190,0,19,28,Corporate,0-18
APT01503,PAT06578,Dermatology,Emergency,2025-05-18,17,2025-05-28,10,Acute illness,DR168,0,50,39,Private,36-50
APT01504,PAT08268,ENT,OPD,2025-03-05,12,2025-03-07,11,Routine checkup,DR159,0,31,36,Corporate,36-50
APT01505,PAT06075,Cardiology,Emergency,2025-12-23,12,2026-01-06,17,Preventive screening,DR130,0,47,23,Government,51-65
APT01506,PAT09936,Cardiology,Emergency,2025-03-08,9,2025-03-14,11,Acute illness,DR183,0,46,40,Corporate,51-65
APT01507,PAT08554,ENT,Wellness Center,2025-05-01,10,2025-05-14,13,Acute illness,DR124,0,50,19,Government,36-50
APT01508,PAT03699,Ophthalmology,Wellness Center,2025-06-05,13,2025-06-15,16,Routine checkup,DR143,0,35,34,Private,19-35
APT01509,PAT01768,General Medicine,Emergency,2025-09-23,12,2025-10-07,17,Routine checkup,DR182,0,28,14,Private,51-65
APT01510,PAT01500,ENT,OPD,2025-10-25,17,2025-11-08,13,Routine checkup,DR176,0,14,23,Private,51-65
APT01511,PAT03749,ENT,Wellness Center,2025-04-27,14,2025-05-05,11,Follow-up,DR146,1,26,0,Government,0-18
APT01512,PAT02384,Dermatology,Specialist Clinic,2025-04-24,18,2025-05-01,9,Routine checkup,DR186,1,31,0,Government,51-65
APT01513,PAT04020,Cardiology,Emergency,2025-05-04,14,2025-05-06,13,Routine checkup,DR133,0,41,40,Private,51-65
APT01514,PAT02077,General Medicine,Specialist Clinic,2025-10-20,10,2025-11-02,12,Follow-up,DR142,0,49,26,Private,51-65
APT01515,PAT04970,Orthopedics,Specialist Clinic,2025-06-06,17,2025-06-09,15,Preventive screening,DR188,0,40,35,Corporate,0-18
APT01516,PAT03722,General Medicine,Wellness Center,2025-06-30,10,2025-07-04,13,Preventive screening,DR193,0,59,17,Corporate,36-50
APT01517,PAT01260,Dermatology,OPD,2025-01-06,18,2025-01-07,9,Preventive screening,DR138,1,39,0,Corporate,0-18
APT01518,PAT09245,Gynecology,Wellness Center,2025-11-27,11,2025-12-02,14,Acute illness,DR133,0,52,40,Self-pay,36-50
APT01519,PAT09072,Dermatology,Emergency,2025-04-01,8,2025-04-12,15,Preventive screening,DR146,1,27,0,Government,65+
APT01520,PAT07557,Dermatology,OPD,2025-04-11,12,2025-04-16,14,Follow-up,DR194,0,59,31,Government,36-50
APT01521,PAT04644,Ophthalmology,Specialist Clinic,2025-03-31,15,2025-04-09,12,Follow-up,DR165,0,16,38,Government,19-35
APT01522,PAT05072,Dermatology,Emergency,2025-01-11,8,2025-01-19,11,Follow-up,DR154,0,29,13,Government,19-35
APT01523,PAT01354,Ophthalmology,Specialist Clinic,2025-05-31,11,2025-06-13,16,Follow-up,DR107,0,25,17,Private,0-18
APT01524,PAT05072,ENT,Emergency,2025-06-15,13,2025-06-17,10,Routine checkup,DR162,1,55,0,Self-pay,36-50
APT01525,PAT05370,Ophthalmology,OPD,2025-07-02,12,2025-07-08,11,Follow-up,DR182,1,53,0,Private,36-50
APT01526,PAT03560,Cardiology,Specialist Clinic,2025-07-21,13,2025-07-26,10,Follow-up,DR141,1,24,0,Self-pay,51-65
APT01527,PAT06656,Cardiology,OPD,2025-09-22,13,2025-09-24,12,Acute illness,DR178,0,26,39,Self-pay,65+
APT01528,PAT06145,Pediatrics,Specialist Clinic,2025-08-29,15,2025-08-31,10,Preventive screening,DR155,0,24,15,Government,36-50
APT01529,PAT08054,General Medicine,OPD,2025-07-29,14,2025-08-02,11,Routine checkup,DR185,0,52,37,Private,51-65
APT01530,PAT01012,Orthopedics,Wellness Center,2025-05-02,14,2025-05-08,10,Acute illness,DR105,1,28,0,Government,0-18
APT01531,PAT06873,ENT,Wellness Center,2025-06-10,17,2025-06-20,16,Preventive screening,DR109,0,29,16,Government,51-65
APT01532,PAT01621,General Medicine,OPD,2025-01-13,8,2025-01-22,10,Acute illness,DR197,0,58,23,Self-pay,0-18
APT01533,PAT09412,Orthopedics,OPD,2025-04-21,16,2025-05-01,12,Routine checkup,DR135,0,35,31,Self-pay,51-65
APT01534,PAT09327,Cardiology,Wellness Center,2025-05-05,16,2025-05-14,14,Routine checkup,DR167,0,53,21,Corporate,65+
APT01535,PAT07255,General Medicine,Specialist Clinic,2025-01-24,14,2025-01-30,17,Chronic disease management,DR197,0,20,22,Corporate,19-35
APT01536,PAT03557,General Medicine,Wellness Center,2025-09-26,10,2025-09-27,9,Chronic disease management,DR114,0,53,31,Private,51-65
APT01537,PAT06762,Dermatology,Wellness Center,2025-03-21,12,2025-04-01,9,Preventive screening,DR166,0,24,33,Self-pay,65+
APT01538,PAT09526,ENT,Specialist Clinic,2025-04-24,9,2025-04-25,13,Acute illness,DR136,0,48,27,Government,51-65
APT01539,PAT05316,Gynecology,OPD,2025-08-25,14,2025-08-27,15,Chronic disease management,DR165,0,56,23,Corporate,36-50
APT01540,PAT02654,Pediatrics,OPD,2025-02-05,14,2025-02-19,13,Acute illness,DR155,0,12,21,Private,51-65
APT01541,PAT02464,Dermatology,OPD,2025-04-17,18,2025-04-22,16,Follow-up,DR175,0,19,10,Self-pay,19-35
APT01542,PAT04504,Pediatrics,Emergency,2025-06-28,15,2025-07-07,16,Preventive screening,DR130,0,11,31,Government,0-18
APT01543,PAT03635,Ophthalmology,Wellness Center,2025-07-13,9,2025-07-21,14,Acute illness,DR170,1,40,0,Government,0-18
APT01544,PAT03269,Gynecology,Specialist Clinic,2025-02-22,12,2025-02-25,14,Acute illness,DR103,0,52,11,Private,36-50
APT01545,PAT04420,General Medicine,Wellness Center,2025-10-30,14,2025-10-31,16,Follow-up,DR166,0,42,25,Government,36-50
APT01546,PAT04312,ENT,Specialist Clinic,2025-07-13,11,2025-07-15,17,Follow-up,DR198,0,52,11,Self-pay,0-18
APT01547,PAT03578,Gynecology,Specialist Clinic,2025-10-25,17,2025-10-27,12,Routine checkup,DR162,0,54,32,Private,0-18
APT01548,PAT05447,ENT,Wellness Center,2025-08-13,14,2025-08-23,11,Chronic disease management,DR179,0,41,32,Government,36-50
APT01549,PAT06518,ENT,Emergency,2025-02-21,15,2025-03-02,14,Preventive screening,DR107,1,10,0,Government,19-35
APT01550,PAT05701,Orthopedics,OPD,2025-05-08,13,2025-05-09,15,Preventive screening,DR157,0,16,15,Private,0-18
APT01551,PAT02675,General Medicine,Emergency,2025-12-04,16,2025-12-10,9,Acute illness,DR108,0,36,22,Corporate,0-18
APT01552,PAT04563,Cardiology,Emergency,2025-12-30,15,2026-01-08,17,Chronic disease management,DR137,0,59,18,Corporate,65+
APT01553,PAT07820,ENT,OPD,2025-01-18,13,2025-01-28,11,Preventive screening,DR150,0,49,20,Private,36-50
APT01554,PAT05252,General Medicine,Emergency,2025-06-05,12,2025-06-08,17,Chronic disease management,DR150,1,22,0,Self-pay,19-35
APT01555,PAT07012,Ophthalmology,OPD,2025-08-25,11,2025-08-29,10,Routine checkup,DR168,1,12,0,Government,51-65
APT01556,PAT02991,Cardiology,Emergency,2025-12-14,18,2025-12-21,15,Routine checkup,DR149,0,15,10,Private,51-65
APT01557,PAT03051,Cardiology,Specialist Clinic,2025-02-17,14,2025-03-03,11,Acute illness,DR192,0,41,23,Government,36-50
APT01558,PAT05602,Dermatology,OPD,2025-02-02,11,2025-02-03,10,Chronic disease management,DR113,0,17,40,Self-pay,36-50
APT01559,PAT04792,Cardiology,Emergency,2025-01-05,13,2025-01-11,10,Preventive screening,DR175,0,52,10,Private,36-50
APT01560,PAT05503,Pediatrics,OPD,2025-08-19,14,2025-08-20,16,Routine checkup,DR137,0,52,36,Corporate,65+
APT01561,PAT05303,General Medicine,Specialist Clinic,2025-04-19,14,2025-04-21,13,Acute illness,DR160,0,18,40,Government,51-65
APT01562,PAT01895,Ophthalmology,Wellness Center,2025-06-17,12,2025-06-28,9,Follow-up,DR127,0,38,18,Private,65+
APT01563,PAT04762,Ophthalmology,Emergency,2025-11-18,17,2025-11-28,10,Follow-up,DR150,1,57,0,Private,0-18
APT01564,PAT02160,ENT,OPD,2025-04-06,14,2025-04-20,9,Follow-up,DR121,0,37,34,Corporate,36-50
APT01565,PAT07497,General Medicine,Emergency,2025-04-30,9,2025-05-02,9,Routine checkup,DR103,0,44,29,Corporate,36-50
APT01566,PAT04700,Cardiology,Wellness Center,2025-06-01,8,2025-06-08,15,Acute illness,DR102,0,13,18,Corporate,36-50
APT01567,PAT07202,Ophthalmology,Specialist Clinic,2025-09-24,16,2025-10-01,13,Chronic disease management,DR108,0,39,10,Government,51-65
APT01568,PAT08471,General Medicine,Wellness Center,2025-02-24,8,2025-02-25,10,Preventive screening,DR162,0,58,37,Government,51-65
APT01569,PAT04309,Gynecology,OPD,2025-06-10,15,2025-06-20,17,Routine checkup,DR114,0,14,24,Self-pay,65+
APT01570,PAT01598,ENT,Specialist Clinic,2025-12-27,17,2026-01-09,9,Follow-up,DR111,0,27,19,Private,0-18
APT01571,PAT04726,ENT,Emergency,2025-07-02,11,2025-07-08,17,Acute illness,DR184,0,46,33,Corporate,36-50
APT01572,PAT02784,Dermatology,Wellness Center,2025-07-11,18,2025-07-14,9,Follow-up,DR193,0,24,21,Government,0-18
APT01573,PAT07622,Orthopedics,Specialist Clinic,2025-01-29,11,2025-02-03,15,Routine checkup,DR194,0,49,25,Corporate,19-35
APT01574,PAT05971,Dermatology,Wellness Center,2025-02-23,10,2025-03-03,13,Chronic disease management,DR163,0,55,33,Government,19-35
APT01575,PAT07162,Pediatrics,Specialist Clinic,2025-10-14,18,2025-10-28,12,Chronic disease management,DR119,0,40,31,Corporate,65+
APT01576,PAT02281,Cardiology,Emergency,2025-08-21,12,2025-09-01,12,Routine checkup,DR197,0,40,39,Corporate,51-65
APT01577,PAT02659,General Medicine,Wellness Center,2025-01-18,11,2025-01-25,14,Preventive screening,DR177,0,18,13,Self-pay,51-65
APT01578,PAT04079,General Medicine,Specialist Clinic,2025-03-11,12,2025-03-17,15,Acute illness,DR151,0,23,36,Corporate,0-18
APT01579,PAT01080,Pediatrics,Emergency,2025-02-22,17,2025-02-27,12,Acute illness,DR184,0,18,25,Self-pay,65+
APT01580,PAT03066,Orthopedics,OPD,2025-07-22,13,2025-07-29,9,Chronic disease management,DR122,0,34,11,Self-pay,0-18
APT01581,PAT01907,Cardiology,OPD,2025-12-08,13,2025-12-10,15,Routine checkup,DR153,0,14,37,Corporate,19-35
APT01582,PAT09425,Gynecology,OPD,2025-10-15,10,2025-10-20,10,Follow-up,DR100,0,13,31,Government,19-35
APT01583,PAT07151,Gynecology,OPD,2025-09-29,18,2025-10-13,17,Preventive screening,DR161,0,18,16,Government,0-18
APT01584,PAT09090,Gynecology,Wellness Center,2025-02-01,18,2025-02-06,12,Preventive screening,DR146,0,30,33,Corporate,0-18
APT01585,PAT09688,Orthopedics,Emergency,2025-11-07,10,2025-11-10,9,Preventive screening,DR127,0,58,12,Corporate,36-50
APT01586,PAT04659,ENT,OPD,2025-03-04,10,2025-03-12,12,Preventive screening,DR133,1,58,0,Self-pay,51-65
APT01587,PAT06191,ENT,OPD,2025-11-08,14,2025-11-12,16,Preventive screening,DR135,0,10,36,Government,19-35
APT01588,PAT04737,Cardiology,Emergency,2025-04-26,13,2025-05-09,11,Chronic disease management,DR119,0,50,35,Corporate,51-65
APT01589,PAT04938,ENT,Wellness Center,2025-02-22,17,2025-02-25,13,Chronic disease management,DR179,0,46,20,Government,19-35
APT01590,PAT05229,ENT,Specialist Clinic,2025-06-10,18,2025-06-13,17,Acute illness,DR197,0,25,35,Corporate,65+
APT01591,PAT02902,Cardiology,OPD,2025-08-11,12,2025-08-20,12,Follow-up,DR105,0,37,18,Self-pay,65+
APT01592,PAT09186,General Medicine,Wellness Center,2025-12-29,9,2026-01-07,14,Acute illness,DR189,0,32,29,Self-pay,51-65
APT01593,PAT01854,Ophthalmology,Emergency,2025-12-24,13,2025-12-27,10,Follow-up,DR102,0,55,33,Private,51-65
APT01594,PAT03925,Orthopedics,Wellness Center,2025-05-01,14,2025-05-09,9,Follow-up,DR118,1,22,0,Private,65+
APT01595,PAT06234,General Medicine,Specialist Clinic,2025-06-02,18,2025-06-04,16,Preventive screening,DR198,1,24,0,Corporate,65+
APT01596,PAT06174,Pediatrics,Specialist Clinic,2025-04-11,9,2025-04-21,11,Acute illness,DR192,0,38,18,Self-pay,0-18
APT01597,PAT08471,Dermatology,OPD,2025-02-02,11,2025-02-10,17,Preventive screening,DR118,0,32,22,Corporate,51-65
APT01598,PAT05778,Orthopedics,Emergency,2025-02-23,11,2025-02-25,12,Routine checkup,DR101,0,44,11,Private,51-65
APT01599,PAT03721,Orthopedics,Specialist Clinic,2025-05-08,18,2025-05-09,17,Follow-up,DR165,0,39,17,Government,0-18
APT01600,PAT08231,Dermatology,Emergency,2025-01-21,14,2025-01-29,14,Acute illness,DR169,1,32,0,Government,19-35
APT01601,PAT08359,Orthopedics,OPD,2025-01-02,16,2025-01-10,13,Follow-up,DR169,1,40,0,Private,0-18
APT01602,PAT08043,Orthopedics,Emergency,2025-08-12,18,2025-08-23,15,Acute illness,DR108,0,20,29,Private,36-50
APT01603,PAT06954,General Medicine,OPD,2025-06-19,8,2025-06-21,17,Routine checkup,DR179,1,29,0,Private,19-35
APT01604,PAT01780,Orthopedics,OPD,2025-03-07,11,2025-03-14,15,Routine checkup,DR157,0,18,14,Government,36-50
APT01605,PAT04119,Dermatology,Specialist Clinic,2025-01-20,18,2025-01-23,11,Acute illness,DR125,1,39,0,Private,19-35
APT01606,PAT03319,ENT,OPD,2025-10-22,17,2025-10-24,10,Preventive screening,DR190,0,35,17,Self-pay,51-65
APT01607,PAT08720,ENT,Specialist Clinic,2025-08-07,8,2025-08-17,12,Follow-up,DR100,0,26,21,Private,36-50
APT01608,PAT07405,ENT,Specialist Clinic,2025-02-02,17,2025-02-03,16,Routine checkup,DR103,1,53,0,Private,36-50
APT01609,PAT02556,General Medicine,Wellness Center,2025-06-19,14,2025-06-28,13,Follow-up,DR174,1,36,0,Government,65+
APT01610,PAT02949,Orthopedics,Specialist Clinic,2025-01-02,8,2025-01-12,14,Routine checkup,DR183,0,49,40,Corporate,65+
APT01611,PAT04197,ENT,OPD,2025-10-21,13,2025-11-02,11,Acute illness,DR147,1,20,0,Government,19-35
APT01612,PAT09982,General Medicine,Emergency,2025-03-10,15,2025-03-21,16,Acute illness,DR130,0,32,39,Private,0-18
APT01613,PAT07628,Gynecology,Emergency,2025-12-25,13,2026-01-08,12,Chronic disease management,DR146,0,12,34,Self-pay,0-18
APT01614,PAT06232,Orthopedics,Wellness Center,2025-03-01,10,2025-03-07,16,Preventive screening,DR190,0,44,27,Government,51-65
APT01615,PAT05527,Cardiology,OPD,2025-01-21,11,2025-01-25,9,Acute illness,DR145,0,44,38,Self-pay,65+
APT01616,PAT06070,ENT,Emergency,2025-08-30,10,2025-09-01,12,Acute illness,DR189,1,31,0,Private,36-50
APT01617,PAT06777,General Medicine,Wellness Center,2025-11-02,15,2025-11-05,14,Preventive screening,DR163,0,48,29,Self-pay,0-18
APT01618,PAT09982,Ophthalmology,Emergency,2025-12-15,8,2025-12-19,13,Acute illness,DR159,0,36,14,Corporate,36-50
APT01619,PAT07374,Cardiology,OPD,2025-06-16,16,2025-06-29,14,Chronic disease management,DR173,0,39,39,Self-pay,0-18
APT01620,PAT04360,Orthopedics,Emergency,2025-06-28,14,2025-07-09,17,Chronic disease management,DR199,0,34,11,Self-pay,65+
APT01621,PAT02152,Ophthalmology,Emergency,2025-04-11,18,2025-04-16,17,Chronic disease management,DR166,0,47,29,Government,0-18
APT01622,PAT02733,Gynecology,OPD,2025-12-18,11,2025-12-26,16,Chronic disease management,DR176,0,18,24,Self-pay,36-50
APT01623,PAT04609,General Medicine,Emergency,2025-12-23,16,2025-12-30,16,Chronic disease management,DR166,0,53,21,Government,65+
APT01624,PAT02718,ENT,Specialist Clinic,2025-07-07,11,2025-07-19,16,Preventive screening,DR189,0,25,11,Self-pay,0-18
APT01625,PAT05869,Ophthalmology,Specialist Clinic,2025-08-29,13,2025-09-02,16,Acute illness,DR139,0,27,13,Self-pay,51-65
APT01626,PAT03219,Orthopedics,Wellness Center,2025-07-26,18,2025-08-05,14,Acute illness,DR183,0,24,19,Corporate,36-50
APT01627,PAT05245,ENT,Emergency,2025-10-18,13,2025-10-20,17,Follow-up,DR178,1,43,0,Private,65+
APT01628,PAT06148,ENT,Wellness Center,2025-01-28,16,2025-02-05,12,Preventive screening,DR142,0,36,31,Self-pay,51-65
APT01629,PAT04573,Gynecology,Specialist Clinic,2025-09-02,18,2025-09-11,9,Preventive screening,DR188,0,23,11,Corporate,0-18
APT01630,PAT07355,Ophthalmology,OPD,2025-12-18,18,2026-01-01,12,Acute illness,DR184,0,11,30,Self-pay,51-65
APT01631,PAT03567,Dermatology,Emergency,2025-09-18,11,2025-09-27,12,Chronic disease management,DR141,0,28,10,Government,19-35
APT01632,PAT06456,Pediatrics,OPD,2025-07-29,10,2025-08-08,12,Routine checkup,DR197,1,18,0,Corporate,36-50
APT01633,PAT06423,Ophthalmology,OPD,2025-04-11,12,2025-04-14,16,Follow-up,DR133,0,48,32,Self-pay,19-35
APT01634,PAT08983,Dermatology,OPD,2025-03-13,12,2025-03-16,15,Chronic disease management,DR142,0,12,28,Government,36-50
APT01635,PAT01686,Pediatrics,Emergency,2025-06-10,8,2025-06-16,9,Preventive screening,DR114,0,40,18,Self-pay,19-35
APT01636,PAT06905,Gynecology,Specialist Clinic,2025-08-03,15,2025-08-08,15,Routine checkup,DR198,0,20,13,Government,65+
APT01637,PAT01233,Orthopedics,Wellness Center,2025-02-17,13,2025-02-28,9,Preventive screening,DR194,0,35,13,Government,19-35
APT01638,PAT01432,Dermatology,Specialist Clinic,2025-03-18,14,2025-03-27,13,Acute illness,DR153,0,45,32,Private,19-35
APT01639,PAT06305,Gynecology,Specialist Clinic,2025-12-10,17,2025-12-11,14,Routine checkup,DR116,0,36,16,Private,51-65
APT01640,PAT09829,Ophthalmology,Specialist Clinic,2025-01-04,11,2025-01-12,12,Follow-up,DR162,0,36,37,Government,65+
APT01641,PAT07734,Gynecology,OPD,2025-11-04,8,2025-11-05,17,Follow-up,DR188,0,57,36,Government,51-65
APT01642,PAT07948,Orthopedics,OPD,2025-10-17,10,2025-10-24,11,Follow-up,DR107,0,46,24,Private,36-50
APT01643,PAT01608,ENT,Wellness Center,2025-12-13,18,2025-12-14,16,Routine checkup,DR192,1,14,0,Private,0-18
APT01644,PAT04420,General Medicine,Specialist Clinic,2025-03-30,12,2025-03-31,9,Preventive screening,DR155,0,48,25,Government,0-18
APT01645,PAT04172,Cardiology,Emergency,2025-07-15,18,2025-07-18,12,Chronic disease management,DR194,0,50,37,Self-pay,65+
APT01646,PAT03403,ENT,OPD,2025-03-22,8,2025-04-01,14,Follow-up,DR103,0,40,12,Government,19-35
APT01647,PAT03063,General Medicine,Emergency,2025-08-02,16,2025-08-03,12,Preventive screening,DR156,0,57,18,Government,51-65
APT01648,PAT06310,Gynecology,Wellness Center,2025-01-28,16,2025-02-03,17,Preventive screening,DR121,0,45,39,Government,0-18
APT01649,PAT09495,Orthopedics,OPD,2025-07-24,9,2025-07-28,11,Preventive screening,DR173,0,45,11,Private,36-50
APT01650,PAT06309,ENT,Emergency,2025-08-01,12,2025-08-13,16,Preventive screening,DR101,0,46,23,Self-pay,51-65
APT01651,PAT05211,Orthopedics,Specialist Clinic,2025-05-16,10,2025-05-24,14,Preventive screening,DR127,0,38,27,Corporate,36-50
APT01652,PAT01059,Gynecology,Specialist Clinic,2025-08-29,14,2025-09-06,14,Preventive screening,DR159,1,39,0,Self-pay,51-65
APT01653,PAT03509,Ophthalmology,Specialist Clinic,2025-02-14,10,2025-02-17,15,Chronic disease management,DR107,0,60,29,Government,65+
APT01654,PAT07187,Cardiology,Specialist Clinic,2025-03-17,9,2025-03-24,16,Routine checkup,DR100,0,31,16,Corporate,0-18
APT01655,PAT07343,ENT,Wellness Center,2025-11-27,16,2025-12-06,17,Routine checkup,DR125,1,14,0,Corporate,51-65
APT01656,PAT03364,Pediatrics,Wellness Center,2025-06-06,17,2025-06-14,17,Follow-up,DR115,0,21,34,Private,19-35
APT01657,PAT07112,Pediatrics,Specialist Clinic,2025-10-13,9,2025-10-24,15,Routine checkup,DR110,0,46,29,Self-pay,65+
APT01658,PAT09557,Gynecology,Wellness Center,2025-10-12,8,2025-10-23,10,Preventive screening,DR100,0,54,26,Corporate,51-65
APT01659,PAT08656,Orthopedics,OPD,2025-02-22,8,2025-02-28,16,Acute illness,DR107,1,28,0,Government,19-35
APT01660,PAT07214,Pediatrics,Wellness Center,2025-08-06,10,2025-08-15,13,Preventive screening,DR110,0,52,11,Private,0-18
APT01661,PAT08683,General Medicine,OPD,2025-02-16,9,2025-02-17,16,Chronic disease management,DR194,1,33,0,Self-pay,19-35
APT01662,PAT05735,General Medicine,Wellness Center,2025-01-07,10,2025-01-13,12,Chronic disease management,DR122,1,12,0,Self-pay,0-18
APT01663,PAT08755,Ophthalmology,Specialist Clinic,2025-12-12,18,2025-12-15,16,Acute illness,DR181,0,24,37,Corporate,36-50
APT01664,PAT05168,Ophthalmology,Emergency,2025-11-01,13,2025-11-15,11,Preventive screening,DR184,0,53,31,Private,19-35
APT01665,PAT02851,Cardiology,Specialist Clinic,2025-01-29,11,2025-02-03,16,Acute illness,DR105,0,60,35,Private,0-18
APT01666,PAT04764,Ophthalmology,Wellness Center,2025-04-07,14,2025-04-11,15,Chronic disease management,DR198,0,60,31,Corporate,51-65
APT01667,PAT01078,ENT,Specialist Clinic,2025-10-01,13,2025-10-03,16,Routine checkup,DR158,0,29,29,Self-pay,36-50
APT01668,PAT02291,ENT,Specialist Clinic,2025-09-24,12,2025-09-29,9,Chronic disease management,DR107,0,23,40,Private,65+
APT01669,PAT06824,Gynecology,Wellness Center,2025-07-25,12,2025-07-28,13,Acute illness,DR103,0,46,29,Corporate,19-35
APT01670,PAT06199,Pediatrics,Emergency,2025-04-04,15,2025-04-09,10,Routine checkup,DR114,0,15,32,Self-pay,65+
APT01671,PAT05100,Cardiology,Wellness Center,2025-07-10,18,2025-07-23,15,Chronic disease management,DR178,0,45,31,Private,65+
APT01672,PAT06848,Orthopedics,Wellness Center,2025-04-24,9,2025-05-08,17,Follow-up,DR106,1,52,0,Corporate,19-35
APT01673,PAT01653,General Medicine,Emergency,2025-11-30,10,2025-12-05,15,Acute illness,DR119,0,32,29,Corporate,19-35
APT01674,PAT03686,Pediatrics,Wellness Center,2025-01-05,16,2025-01-11,10,Chronic disease management,DR118,0,14,37,Private,51-65
APT01675,PAT07333,Gynecology,OPD,2025-12-16,12,2025-12-21,11,Chronic disease management,DR131,0,39,40,Self-pay,51-65
APT01676,PAT03953,Ophthalmology,OPD,2025-10-08,12,2025-10-13,15,Routine checkup,DR158,0,21,25,Private,65+
APT01677,PAT03360,Gynecology,Emergency,2025-01-25,14,2025-02-07,16,Preventive screening,DR179,0,42,26,Corporate,65+
APT01678,PAT06417,Ophthalmology,Specialist Clinic,2025-10-05,12,2025-10-14,14,Chronic disease management,DR133,0,38,34,Private,0-18
APT01679,PAT03231,General Medicine,Emergency,2025-05-01,14,2025-05-06,9,Acute illness,DR177,1,37,0,Government,51-65
APT01680,PAT04420,Cardiology,Specialist Clinic,2025-06-20,14,2025-07-01,12,Chronic disease management,DR177,0,11,13,Government,36-50
APT01681,PAT04971,Gynecology,Wellness Center,2025-09-28,18,2025-10-03,14,Preventive screening,DR115,0,14,21,Corporate,65+
APT01682,PAT04932,Orthopedics,OPD,2025-07-25,15,2025-07-28,9,Preventive screening,DR142,0,49,18,Self-pay,36-50
APT01683,PAT03138,ENT,Wellness Center,2025-04-29,18,2025-05-01,13,Follow-up,DR131,1,13,0,Government,51-65
APT01684,PAT07780,Ophthalmology,Emergency,2025-12-12,12,2025-12-15,13,Preventive screening,DR145,1,36,0,Government,0-18
APT01685,PAT01234,Cardiology,Wellness Center,2025-02-23,16,2025-02-26,11,Chronic disease management,DR162,0,44,34,Self-pay,51-65
APT01686,PAT05895,Pediatrics,Specialist Clinic,2025-08-02,17,2025-08-04,17,Acute illness,DR165,0,35,22,Government,36-50
APT01687,PAT01470,Gynecology,Emergency,2025-08-10,18,2025-08-16,17,Chronic disease management,DR122,1,31,0,Government,0-18
APT01688,PAT01679,ENT,Specialist Clinic,2025-03-29,17,2025-04-09,13,Preventive screening,DR175,0,55,29,Private,19-35
APT01689,PAT09726,Orthopedics,Specialist Clinic,2025-10-02,15,2025-10-11,9,Acute illness,DR119,0,12,17,Self-pay,19-35
APT01690,PAT03745,Ophthalmology,Emergency,2025-12-12,10,2025-12-15,9,Follow-up,DR155,1,34,0,Corporate,36-50
APT01691,PAT08873,Ophthalmology,Wellness Center,2025-03-06,10,2025-03-19,15,Chronic disease management,DR189,0,52,34,Private,19-35
APT01692,PAT01476,Ophthalmology,Emergency,2025-08-30,10,2025-09-02,9,Chronic disease management,DR161,0,38,27,Government,36-50
APT01693,PAT09797,General Medicine,Emergency,2025-08-13,11,2025-08-15,13,Acute illness,DR196,0,58,40,Private,51-65
APT01694,PAT03114,ENT,Wellness Center,2025-05-05,15,2025-05-11,9,Routine checkup,DR132,1,31,0,Government,36-50
APT01695,PAT03061,Ophthalmology,Wellness Center,2025-09-29,11,2025-10-05,11,Follow-up,DR170,0,32,36,Corporate,0-18
APT01696,PAT01684,Orthopedics,Emergency,2025-06-09,13,2025-06-21,14,Acute illness,DR137,0,36,26,Government,65+
APT01697,PAT02703,General Medicine,Wellness Center,2025-08-19,15,2025-08-27,17,Chronic disease management,DR108,0,33,35,Corporate,36-50
APT01698,PAT07405,Ophthalmology,Specialist Clinic,2025-07-24,14,2025-08-07,9,Acute illness,DR135,0,42,31,Private,51-65
APT01699,PAT03921,Dermatology,OPD,2025-09-13,10,2025-09-25,13,Chronic disease management,DR177,1,31,0,Private,65+
APT01700,PAT07934,Ophthalmology,Emergency,2025-08-27,11,2025-09-08,13,Acute illness,DR174,1,47,0,Private,19-35
APT01701,PAT01393,General Medicine,Specialist Clinic,2025-08-04,11,2025-08-09,9,Routine checkup,DR116,0,55,11,Government,19-35
APT01702,PAT04953,General Medicine,Wellness Center,2025-10-22,9,2025-10-31,15,Follow-up,DR169,0,24,17,Private,51-65
APT01703,PAT09980,General Medicine,OPD,2025-10-09,8,2025-10-19,17,Routine checkup,DR114,0,33,36,Government,19-35
APT01704,PAT08510,Dermatology,OPD,2025-08-23,10,2025-08-28,16,Preventive screening,DR121,0,42,34,Corporate,0-18
APT01705,PAT07030,Pediatrics,Wellness Center,2025-06-13,17,2025-06-20,13,Acute illness,DR163,0,31,28,Private,65+
APT01706,PAT06613,Pediatrics,Specialist Clinic,2025-10-19,18,2025-10-25,12,Preventive screening,DR117,1,46,0,Self-pay,51-65
APT01707,PAT05689,Pediatrics,OPD,2025-02-28,16,2025-03-05,12,Chronic disease management,DR144,0,20,32,Private,19-35
APT01708,PAT02010,Orthopedics,Wellness Center,2025-12-06,18,2025-12-12,17,Chronic disease management,DR120,0,59,34,Self-pay,51-65
APT01709,PAT04030,Cardiology,OPD,2025-11-29,12,2025-12-05,14,Preventive screening,DR137,0,55,19,Private,19-35
APT01710,PAT03220,Dermatology,Wellness Center,2025-01-31,18,2025-02-13,15,Chronic disease management,DR133,1,39,0,Government,0-18
APT01711,PAT01928,Orthopedics,Emergency,2025-09-20,13,2025-10-02,12,Follow-up,DR192,0,15,35,Government,36-50
APT01712,PAT08151,Orthopedics,Emergency,2025-05-27,12,2025-05-28,9,Chronic disease management,DR132,0,15,15,Self-pay,65+
APT01713,PAT06193,Orthopedics,OPD,2025-01-20,8,2025-01-26,13,Preventive screening,DR177,0,26,12,Government,19-35
APT01714,PAT02414,Gynecology,OPD,2025-03-20,9,2025-03-26,12,Acute illness,DR194,0,56,17,Private,65+
APT01715,PAT04511,Ophthalmology,Wellness Center,2025-12-30,10,2026-01-05,16,Preventive screening,DR169,1,36,0,Self-pay,19-35
APT01716,PAT02900,Gynecology,OPD,2025-09-10,10,2025-09-14,9,Follow-up,DR179,0,15,38,Government,65+
APT01717,PAT06002,General Medicine,OPD,2025-02-12,10,2025-02-16,17,Chronic disease management,DR106,1,45,0,Self-pay,65+
APT01718,PAT06905,ENT,Emergency,2025-07-14,11,2025-07-25,10,Chronic disease management,DR113,0,53,28,Self-pay,65+
APT01719,PAT07431,Dermatology,Emergency,2025-03-20,9,2025-03-22,16,Follow-up,DR129,1,58,0,Corporate,51-65
APT01720,PAT02133,Gynecology,Wellness Center,2025-09-08,9,2025-09-09,9,Follow-up,DR188,0,45,38,Self-pay,65+
APT01721,PAT06260,Ophthalmology,OPD,2025-02-28,9,2025-03-09,12,Follow-up,DR120,0,11,34,Government,36-50
APT01722,PAT09078,Pediatrics,OPD,2025-05-15,12,2025-05-25,17,Preventive screening,DR198,0,35,21,Self-pay,51-65
APT01723,PAT08524,Orthopedics,Emergency,2025-08-21,11,2025-08-27,10,Preventive screening,DR196,0,57,16,Self-pay,51-65
APT01724,PAT09254,Dermatology,OPD,2025-01-14,9,2025-01-28,9,Acute illness,DR198,0,54,34,Corporate,0-18
APT01725,PAT04371,ENT,OPD,2025-04-07,14,2025-04-20,15,Preventive screening,DR102,0,10,21,Private,51-65
APT01726,PAT05023,ENT,Emergency,2025-11-02,11,2025-11-16,12,Preventive screening,DR107,0,11,25,Self-pay,36-50
APT01727,PAT09117,General Medicine,OPD,2025-09-25,12,2025-10-09,9,Chronic disease management,DR153,0,22,17,Government,19-35
APT01728,PAT07655,General Medicine,Specialist Clinic,2025-06-02,16,2025-06-06,16,Acute illness,DR136,0,54,27,Government,65+
APT01729,PAT01085,Dermatology,Wellness Center,2025-11-30,10,2025-12-03,11,Chronic disease management,DR141,0,44,36,Government,36-50
APT01730,PAT02844,Gynecology,Emergency,2025-10-09,17,2025-10-15,10,Chronic disease management,DR153,0,60,10,Government,36-50
APT01731,PAT04853,Orthopedics,Wellness Center,2025-09-23,15,2025-10-07,17,Chronic disease management,DR126,0,45,32,Corporate,19-35
APT01732,PAT04940,Dermatology,OPD,2025-07-22,8,2025-08-01,13,Follow-up,DR152,1,26,0,Corporate,36-50
APT01733,PAT05480,ENT,Wellness Center,2025-09-23,15,2025-09-28,13,Routine checkup,DR150,0,24,25,Self-pay,19-35
APT01734,PAT06454,Dermatology,Specialist Clinic,2025-01-20,10,2025-01-27,16,Preventive screening,DR151,1,12,0,Self-pay,36-50
APT01735,PAT02694,Gynecology,OPD,2025-07-03,12,2025-07-12,13,Routine checkup,DR147,1,38,0,Government,65+
APT01736,PAT07213,Gynecology,OPD,2025-02-27,9,2025-03-11,15,Chronic disease management,DR148,0,17,13,Private,51-65
APT01737,PAT02247,Dermatology,OPD,2025-01-16,16,2025-01-30,11,Preventive screening,DR195,0,57,10,Private,36-50
APT01738,PAT06744,Gynecology,Specialist Clinic,2025-06-23,10,2025-07-05,15,Chronic disease management,DR131,0,34,26,Private,19-35
APT01739,PAT01447,Cardiology,Emergency,2025-09-13,12,2025-09-21,13,Acute illness,DR135,0,31,37,Private,51-65
APT01740,PAT01113,General Medicine,OPD,2025-08-06,9,2025-08-07,15,Follow-up,DR119,0,41,34,Government,19-35
APT01741,PAT03059,Ophthalmology,OPD,2025-09-25,18,2025-10-02,16,Follow-up,DR149,0,43,17,Private,0-18
APT01742,PAT04173,Ophthalmology,Specialist Clinic,2025-10-25,8,2025-10-31,10,Preventive screening,DR187,1,33,0,Self-pay,65+
APT01743,PAT05253,Dermatology,OPD,2025-02-28,11,2025-03-02,13,Chronic disease management,DR180,0,26,27,Private,19-35
APT01744,PAT07880,Ophthalmology,Emergency,2025-08-31,15,2025-09-14,14,Chronic disease management,DR142,1,55,0,Self-pay,36-50
APT01745,PAT07343,Pediatrics,Wellness Center,2025-04-03,17,2025-04-13,14,Acute illness,DR117,0,15,33,Corporate,36-50
APT01746,PAT09200,Ophthalmology,OPD,2025-08-11,8,2025-08-14,10,Preventive screening,DR195,0,55,37,Self-pay,51-65
APT01747,PAT05662,Gynecology,Specialist Clinic,2025-04-15,17,2025-04-20,11,Follow-up,DR140,0,53,13,Corporate,19-35
APT01748,PAT09427,Orthopedics,Wellness Center,2025-10-10,9,2025-10-14,9,Routine checkup,DR111,0,38,10,Corporate,65+
APT01749,PAT06535,Gynecology,Wellness Center,2025-02-22,14,2025-02-25,10,Follow-up,DR105,0,27,37,Private,65+
APT01750,PAT05017,Gynecology,Specialist Clinic,2025-05-25,13,2025-05-27,11,Chronic disease management,DR125,0,50,16,Corporate,19-35
APT01751,PAT07641,Ophthalmology,Wellness Center,2025-12-12,17,2025-12-21,17,Routine checkup,DR184,0,23,11,Government,51-65
APT01752,PAT08739,Gynecology,OPD,2025-06-16,9,2025-06-23,14,Chronic disease management,DR171,0,18,38,Self-pay,65+
APT01753,PAT01033,Gynecology,Wellness Center,2025-08-28,17,2025-08-29,10,Routine checkup,DR153,1,17,0,Self-pay,36-50
APT01754,PAT02338,Gynecology,OPD,2025-07-25,17,2025-07-30,17,Follow-up,DR107,0,58,28,Corporate,36-50
APT01755,PAT09019,Gynecology,Emergency,2025-06-05,18,2025-06-08,17,Chronic disease management,DR183,0,58,20,Government,19-35
APT01756,PAT09119,Ophthalmology,Wellness Center,2025-09-12,8,2025-09-24,9,Preventive screening,DR171,0,45,38,Self-pay,19-35
APT01757,PAT02553,Orthopedics,Emergency,2025-06-24,9,2025-06-28,17,Routine checkup,DR170,0,20,34,Government,51-65
APT01758,PAT07649,General Medicine,Wellness Center,2025-09-05,8,2025-09-15,11,Chronic disease management,DR155,0,33,39,Government,65+
APT01759,PAT07715,Pediatrics,Specialist Clinic,2025-04-21,14,2025-05-05,17,Follow-up,DR113,0,59,32,Self-pay,0-18
APT01760,PAT01346,Ophthalmology,Wellness Center,2025-04-07,8,2025-04-18,12,Preventive screening,DR166,1,59,0,Self-pay,65+
APT01761,PAT08121,ENT,Emergency,2025-11-20,10,2025-11-29,9,Preventive screening,DR196,0,55,11,Government,36-50
APT01762,PAT08130,Orthopedics,Wellness Center,2025-09-16,12,2025-09-21,17,Preventive screening,DR152,0,53,15,Corporate,36-50
APT01763,PAT05407,Ophthalmology,Specialist Clinic,2025-01-31,14,2025-02-14,14,Preventive screening,DR117,0,37,25,Corporate,36-50
APT01764,PAT09353,Cardiology,Emergency,2025-12-13,16,2025-12-18,10,Preventive screening,DR175,0,27,25,Corporate,65+
APT01765,PAT06469,General Medicine,Emergency,2025-06-29,10,2025-06-30,9,Follow-up,DR155,0,21,22,Government,0-18
APT01766,PAT05189,ENT,Specialist Clinic,2025-04-21,10,2025-04-24,14,Preventive screening,DR128,0,25,10,Self-pay,51-65
APT01767,PAT04720,General Medicine,Specialist Clinic,2025-05-13,9,2025-05-26,15,Chronic disease management,DR143,0,19,30,Government,36-50
APT01768,PAT03050,Ophthalmology,Specialist Clinic,2025-08-27,16,2025-09-03,12,Preventive screening,DR197,0,50,28,Self-pay,0-18
APT01769,PAT07687,Dermatology,Emergency,2025-07-03,11,2025-07-17,11,Preventive screening,DR155,0,24,16,Private,19-35
APT01770,PAT03610,Pediatrics,Emergency,2025-03-18,15,2025-03-27,11,Follow-up,DR163,0,53,15,Government,36-50
APT01771,PAT04758,Cardiology,Wellness Center,2025-10-24,8,2025-10-28,9,Chronic disease management,DR188,1,47,0,Private,19-35
APT01772,PAT01557,Gynecology,Emergency,2025-12-02,15,2025-12-06,9,Acute illness,DR125,0,22,17,Government,0-18
APT01773,PAT07015,Dermatology,Wellness Center,2025-11-20,18,2025-12-01,10,Follow-up,DR146,0,51,25,Self-pay,36-50
APT01774,PAT09581,Ophthalmology,Specialist Clinic,2025-08-26,18,2025-08-30,10,Preventive screening,DR153,1,46,0,Corporate,65+
APT01775,PAT06841,ENT,Specialist Clinic,2025-01-09,12,2025-01-20,11,Routine checkup,DR147,0,41,31,Government,51-65
APT01776,PAT01493,Orthopedics,Specialist Clinic,2025-11-14,11,2025-11-25,11,Preventive screening,DR125,0,51,40,Corporate,65+
APT01777,PAT03175,Dermatology,Emergency,2025-09-29,18,2025-10-05,9,Follow-up,DR177,0,39,29,Corporate,65+
APT01778,PAT07099,Dermatology,OPD,2025-04-22,11,2025-05-03,11,Routine checkup,DR176,1,42,0,Private,65+
APT01779,PAT02322,Pediatrics,OPD,2025-12-12,10,2025-12-19,14,Routine checkup,DR150,0,37,23,Corporate,0-18
APT01780,PAT05876,Ophthalmology,Wellness Center,2025-07-26,14,2025-08-06,16,Routine checkup,DR138,0,46,28,Corporate,19-35
APT01781,PAT02458,Pediatrics,OPD,2025-03-14,11,2025-03-23,17,Acute illness,DR123,0,29,14,Corporate,51-65
APT01782,PAT07560,Cardiology,Emergency,2025-03-28,18,2025-03-31,16,Acute illness,DR126,0,46,31,Corporate,19-35
APT01783,PAT05735,Gynecology,OPD,2025-11-02,11,2025-11-12,17,Chronic disease management,DR144,0,30,35,Private,51-65
APT01784,PAT08699,Pediatrics,OPD,2025-07-05,16,2025-07-12,16,Follow-up,DR104,0,13,14,Self-pay,0-18
APT01785,PAT07228,Ophthalmology,Wellness Center,2025-12-06,11,2025-12-09,11,Acute illness,DR194,0,34,31,Corporate,19-35
APT01786,PAT04350,Orthopedics,Specialist Clinic,2025-12-27,16,2026-01-10,16,Acute illness,DR172,0,23,29,Self-pay,51-65
APT01787,PAT03029,General Medicine,OPD,2025-12-08,17,2025-12-15,9,Acute illness,DR170,0,43,23,Corporate,0-18
APT01788,PAT05984,Orthopedics,Wellness Center,2025-08-15,16,2025-08-19,12,Preventive screening,DR165,0,32,29,Private,36-50
APT01789,PAT01380,ENT,Emergency,2025-02-16,15,2025-02-24,10,Preventive screening,DR137,0,59,32,Private,65+
APT01790,PAT09041,Gynecology,Emergency,2025-02-25,12,2025-02-26,15,Preventive screening,DR173,0,29,18,Corporate,19-35
APT01791,PAT01933,Ophthalmology,Specialist Clinic,2025-12-19,10,2025-12-23,17,Chronic disease management,DR103,0,52,20,Corporate,51-65
APT01792,PAT05963,Dermatology,Wellness Center,2025-06-26,15,2025-06-28,10,Chronic disease management,DR167,0,58,27,Government,51-65
APT01793,PAT07607,Gynecology,Specialist Clinic,2025-05-21,17,2025-05-25,12,Chronic disease management,DR105,0,35,15,Private,0-18
APT01794,PAT07388,General Medicine,Specialist Clinic,2025-03-18,14,2025-03-22,11,Acute illness,DR128,0,29,34,Government,36-50
APT01795,PAT03896,ENT,OPD,2025-05-09,10,2025-05-18,10,Acute illness,DR149,0,12,36,Government,65+
APT01796,PAT01737,General Medicine,Emergency,2025-08-20,13,2025-08-22,13,Preventive screening,DR179,0,28,22,Corporate,0-18
APT01797,PAT07592,General Medicine,Specialist Clinic,2025-06-03,15,2025-06-13,13,Preventive screening,DR155,0,57,39,Self-pay,0-18
APT01798,PAT06538,Orthopedics,OPD,2025-08-07,11,2025-08-09,15,Acute illness,DR144,0,45,35,Corporate,65+
APT01799,PAT01727,Cardiology,OPD,2025-12-31,12,2026-01-12,10,Acute illness,DR166,0,48,17,Government,19-35
APT01800,PAT07571,ENT,OPD,2025-07-10,9,2025-07-13,12,Chronic disease management,DR140,0,30,33,Self-pay,0-18
APT01801,PAT08895,Pediatrics,Emergency,2025-03-27,16,2025-04-06,9,Routine checkup,DR103,0,14,15,Private,36-50
APT01802,PAT01897,Cardiology,Wellness Center,2025-08-27,18,2025-08-29,10,Chronic disease management,DR137,0,48,28,Self-pay,19-35
APT01803,PAT06836,Pediatrics,Specialist Clinic,2025-07-25,9,2025-08-05,10,Chronic disease management,DR128,1,46,0,Corporate,65+
APT01804,PAT09068,ENT,OPD,2025-08-13,15,2025-08-15,9,Chronic disease management,DR101,0,51,19,Government,65+
APT01805,PAT06990,Orthopedics,OPD,2025-04-15,15,2025-04-27,10,Chronic disease management,DR154,0,15,14,Government,19-35
APT01806,PAT06783,Dermatology,Emergency,2025-03-13,10,2025-03-15,9,Chronic disease management,DR198,0,26,11,Self-pay,19-35
APT01807,PAT08719,Cardiology,Wellness Center,2025-09-02,13,2025-09-16,17,Chronic disease management,DR144,0,34,14,Corporate,36-50
APT01808,PAT02118,ENT,Emergency,2025-10-04,14,2025-10-05,11,Routine checkup,DR183,0,24,39,Self-pay,51-65
APT01809,PAT08034,Pediatrics,Specialist Clinic,2025-10-31,15,2025-11-14,10,Follow-up,DR114,0,17,27,Corporate,0-18
APT01810,PAT03158,Cardiology,Emergency,2025-11-26,18,2025-11-28,12,Follow-up,DR107,0,21,20,Private,65+
APT01811,PAT03222,Ophthalmology,OPD,2025-09-18,14,2025-10-01,11,Follow-up,DR114,0,60,19,Private,65+
APT01812,PAT07339,Cardiology,OPD,2025-08-09,17,2025-08-18,15,Chronic disease management,DR106,0,28,21,Self-pay,36-50
APT01813,PAT01802,Cardiology,Emergency,2025-03-25,14,2025-03-27,9,Chronic disease management,DR115,0,35,35,Private,0-18
APT01814,PAT07669,General Medicine,OPD,2025-12-19,16,2025-12-28,10,Chronic disease management,DR163,0,16,18,Self-pay,65+
APT01815,PAT05319,ENT,Specialist Clinic,2025-05-01,17,2025-05-06,14,Routine checkup,DR151,0,10,28,Private,65+
APT01816,PAT08483,Orthopedics,Specialist Clinic,2025-01-18,13,2025-01-25,15,Preventive screening,DR176,0,45,17,Private,65+
APT01817,PAT05492,Ophthalmology,OPD,2025-12-01,12,2025-12-02,11,Chronic disease management,DR184,0,11,19,Private,51-65
APT01818,PAT04121,ENT,Specialist Clinic,2025-11-30,15,2025-12-08,15,Preventive screening,DR177,1,15,0,Private,19-35
APT01819,PAT05680,ENT,Wellness Center,2025-01-23,10,2025-01-25,17,Preventive screening,DR115,0,40,19,Corporate,65+
APT01820,PAT07347,General Medicine,Emergency,2025-06-13,17,2025-06-23,16,Preventive screening,DR110,1,17,0,Corporate,51-65
APT01821,PAT04107,ENT,Specialist Clinic,2025-03-12,17,2025-03-25,17,Follow-up,DR134,0,35,38,Corporate,51-65
APT01822,PAT07200,Cardiology,Emergency,2025-11-30,15,2025-12-01,16,Acute illness,DR105,0,20,12,Private,51-65
APT01823,PAT03416,Cardiology,Specialist Clinic,2025-03-09,10,2025-03-13,13,Follow-up,DR125,0,31,14,Private,51-65
APT01824,PAT09560,Pediatrics,Specialist Clinic,2025-01-18,17,2025-01-19,15,Routine checkup,DR157,0,21,13,Private,0-18
APT01825,PAT06897,Orthopedics,Emergency,2025-06-23,13,2025-07-06,12,Routine checkup,DR124,1,56,0,Self-pay,65+
APT01826,PAT04767,ENT,Specialist Clinic,2025-05-20,18,2025-05-26,11,Follow-up,DR119,1,18,0,Self-pay,0-18
APT01827,PAT05437,Orthopedics,Specialist Clinic,2025-11-06,11,2025-11-08,10,Acute illness,DR189,0,51,35,Self-pay,36-50
APT01828,PAT05345,Ophthalmology,Emergency,2025-01-16,18,2025-01-29,16,Preventive screening,DR175,0,58,27,Government,36-50
APT01829,PAT02880,Orthopedics,Wellness Center,2025-01-24,16,2025-02-06,11,Follow-up,DR111,1,23,0,Corporate,65+
APT01830,PAT01253,Cardiology,OPD,2025-10-17,18,2025-10-31,15,Follow-up,DR139,0,20,23,Private,51-65
APT01831,PAT06447,ENT,Specialist Clinic,2025-09-23,16,2025-10-06,16,Preventive screening,DR136,0,59,40,Private,19-35
APT01832,PAT09735,Gynecology,Emergency,2025-08-02,11,2025-08-06,16,Follow-up,DR140,0,29,19,Government,19-35
APT01833,PAT02107,Dermatology,Wellness Center,2025-11-24,16,2025-11-30,17,Follow-up,DR170,0,11,20,Self-pay,19-35
APT01834,PAT09638,Pediatrics,Emergency,2025-05-09,16,2025-05-15,16,Follow-up,DR100,0,26,24,Corporate,51-65
APT01835,PAT09720,ENT,Emergency,2025-08-11,16,2025-08-18,17,Preventive screening,DR138,0,30,32,Corporate,0-18
APT01836,PAT06134,General Medicine,Emergency,2025-12-07,9,2025-12-10,12,Preventive screening,DR171,0,33,29,Government,0-18
APT01837,PAT02561,Orthopedics,OPD,2025-07-10,15,2025-07-23,13,Routine checkup,DR132,0,60,40,Private,19-35
APT01838,PAT07351,Cardiology,OPD,2025-01-02,12,2025-01-13,13,Acute illness,DR118,1,47,0,Corporate,36-50
APT01839,PAT04354,Ophthalmology,Emergency,2025-06-30,9,2025-07-12,16,Routine checkup,DR115,0,53,37,Private,19-35
APT01840,PAT08387,Dermatology,Emergency,2025-04-27,17,2025-05-11,15,Chronic disease management,DR159,0,11,12,Self-pay,0-18
APT01841,PAT05940,Gynecology,Wellness Center,2025-04-16,13,2025-04-29,17,Acute illness,DR170,0,55,23,Self-pay,65+
APT01842,PAT08801,Cardiology,Wellness Center,2025-09-26,8,2025-10-05,11,Routine checkup,DR146,0,46,28,Government,51-65
APT01843,PAT04597,Dermatology,Emergency,2025-11-07,15,2025-11-12,13,Chronic disease management,DR105,0,23,16,Self-pay,19-35
APT01844,PAT06267,Dermatology,Specialist Clinic,2025-03-27,16,2025-03-30,9,Preventive screening,DR101,0,28,24,Government,0-18
APT01845,PAT08591,Dermatology,Specialist Clinic,2025-06-09,15,2025-06-21,16,Preventive screening,DR132,0,10,24,Self-pay,19-35
APT01846,PAT06787,ENT,Wellness Center,2025-07-26,8,2025-08-02,9,Preventive screening,DR148,0,55,14,Government,65+
APT01847,PAT09827,Orthopedics,Emergency,2025-03-21,9,2025-03-23,12,Chronic disease management,DR153,0,44,15,Corporate,65+
APT01848,PAT05283,Ophthalmology,Emergency,2025-05-14,17,2025-05-27,12,Follow-up,DR101,1,29,0,Private,65+
APT01849,PAT01601,Orthopedics,Wellness Center,2025-08-09,14,2025-08-19,15,Routine checkup,DR134,0,44,21,Government,0-18
APT01850,PAT05335,Gynecology,Emergency,2025-04-04,13,2025-04-08,17,Acute illness,DR174,0,45,12,Self-pay,65+
APT01851,PAT03523,ENT,Specialist Clinic,2025-12-03,10,2025-12-08,10,Routine checkup,DR149,0,57,17,Corporate,65+
APT01852,PAT01310,Ophthalmology,Specialist Clinic,2025-12-16,16,2025-12-18,12,Preventive screening,DR132,0,50,40,Self-pay,0-18
APT01853,PAT06921,Pediatrics,Specialist Clinic,2025-12-19,17,2025-12-26,13,Follow-up,DR109,0,49,17,Corporate,65+
APT01854,PAT07719,Dermatology,Emergency,2025-04-12,14,2025-04-14,14,Chronic disease management,DR163,0,21,25,Corporate,51-65
APT01855,PAT06998,Ophthalmology,Emergency,2025-08-07,13,2025-08-16,17,Preventive screening,DR109,0,23,36,Private,0-18
APT01856,PAT04605,Cardiology,OPD,2025-09-06,16,2025-09-11,17,Acute illness,DR122,0,37,35,Corporate,19-35
APT01857,PAT09028,General Medicine,Wellness Center,2025-04-09,9,2025-04-13,14,Routine checkup,DR104,0,16,12,Self-pay,19-35
APT01858,PAT01003,Pediatrics,Specialist Clinic,2025-11-09,12,2025-11-11,11,Follow-up,DR152,0,26,25,Government,0-18
APT01859,PAT09594,General Medicine,Wellness Center,2025-05-14,9,2025-05-24,15,Acute illness,DR158,1,55,0,Self-pay,36-50
APT01860,PAT08884,Cardiology,Emergency,2025-11-18,16,2025-12-01,9,Preventive screening,DR158,0,49,40,Corporate,51-65
APT01861,PAT01599,ENT,Wellness Center,2025-12-08,9,2025-12-12,9,Follow-up,DR197,0,22,24,Government,51-65
APT01862,PAT09338,Orthopedics,Wellness Center,2025-06-06,17,2025-06-10,16,Follow-up,DR134,1,33,0,Corporate,0-18
APT01863,PAT08273,Pediatrics,Emergency,2025-12-07,10,2025-12-21,16,Preventive screening,DR100,0,17,13,Private,36-50
APT01864,PAT08643,Cardiology,Wellness Center,2025-12-14,11,2025-12-24,11,Preventive screening,DR100,0,47,23,Private,51-65
APT01865,PAT01572,ENT,Specialist Clinic,2025-09-18,18,2025-09-27,16,Follow-up,DR144,0,42,22,Corporate,65+
APT01866,PAT04187,Dermatology,Wellness Center,2025-05-31,12,2025-06-14,13,Preventive screening,DR106,0,20,22,Government,19-35
APT01867,PAT06745,Ophthalmology,Wellness Center,2025-09-08,12,2025-09-15,14,Chronic disease management,DR156,0,51,33,Corporate,51-65
APT01868,PAT02282,Gynecology,Specialist Clinic,2025-11-13,13,2025-11-18,12,Acute illness,DR156,0,26,37,Private,0-18
APT01869,PAT06972,Gynecology,Emergency,2025-11-23,15,2025-11-26,16,Follow-up,DR176,1,51,0,Self-pay,65+
APT01870,PAT04719,ENT,Specialist Clinic,2025-05-20,13,2025-05-31,9,Follow-up,DR156,0,32,18,Self-pay,51-65
APT01871,PAT04537,Pediatrics,Emergency,2025-09-26,16,2025-09-27,14,Preventive screening,DR174,0,22,15,Self-pay,19-35
APT01872,PAT09599,ENT,OPD,2025-07-28,12,2025-08-07,9,Preventive screening,DR128,0,39,16,Self-pay,36-50
APT01873,PAT07329,General Medicine,Emergency,2025-02-14,10,2025-02-20,13,Routine checkup,DR140,0,16,11,Government,51-65
APT01874,PAT08404,Dermatology,Wellness Center,2025-07-04,11,2025-07-13,12,Acute illness,DR150,0,39,18,Corporate,36-50
APT01875,PAT01611,ENT,Emergency,2025-12-21,11,2026-01-03,11,Preventive screening,DR125,0,60,28,Corporate,36-50
APT01876,PAT05647,Orthopedics,OPD,2025-02-27,8,2025-03-05,10,Routine checkup,DR122,0,50,25,Corporate,0-18
APT01877,PAT06372,Cardiology,OPD,2025-09-05,14,2025-09-18,13,Chronic disease management,DR133,0,47,38,Corporate,51-65
APT01878,PAT04216,Ophthalmology,Emergency,2025-10-17,8,2025-10-28,15,Routine checkup,DR133,0,26,16,Private,51-65
APT01879,PAT08750,Gynecology,Emergency,2025-12-02,13,2025-12-08,9,Acute illness,DR185,0,58,34,Government,51-65
APT01880,PAT07610,Ophthalmology,Wellness Center,2025-01-17,13,2025-01-20,15,Preventive screening,DR107,1,40,0,Self-pay,65+
APT01881,PAT04918,Orthopedics,Wellness Center,2025-12-15,9,2025-12-17,12,Chronic disease management,DR114,0,18,16,Corporate,51-65
APT01882,PAT02678,Gynecology,Emergency,2025-05-10,11,2025-05-16,16,Preventive screening,DR164,0,38,10,Private,65+
APT01883,PAT07626,Cardiology,Specialist Clinic,2025-01-06,9,2025-01-14,9,Preventive screening,DR134,0,12,25,Self-pay,51-65
APT01884,PAT05405,Gynecology,Emergency,2025-09-28,8,2025-10-02,12,Acute illness,DR166,0,59,21,Corporate,19-35
APT01885,PAT01118,Pediatrics,Specialist Clinic,2025-08-10,12,2025-08-24,11,Preventive screening,DR123,0,42,11,Self-pay,19-35
APT01886,PAT09291,Ophthalmology,Emergency,2025-03-02,18,2025-03-16,15,Acute illness,DR131,0,57,40,Self-pay,51-65
APT01887,PAT09234,Pediatrics,Specialist Clinic,2025-09-10,12,2025-09-22,13,Routine checkup,DR170,0,45,31,Private,65+
APT01888,PAT01551,Dermatology,Wellness Center,2025-04-21,18,2025-04-22,14,Preventive screening,DR100,0,55,36,Private,19-35
APT01889,PAT06924,General Medicine,Emergency,2025-08-05,11,2025-08-15,9,Follow-up,DR177,1,48,0,Corporate,51-65
APT01890,PAT03705,General Medicine,Emergency,2025-04-11,13,2025-04-15,15,Acute illness,DR133,0,10,17,Self-pay,51-65
APT01891,PAT05508,Cardiology,OPD,2025-11-02,10,2025-11-13,16,Follow-up,DR120,0,11,13,Government,65+
APT01892,PAT06347,Cardiology,OPD,2025-07-02,8,2025-07-06,13,Follow-up,DR125,0,15,31,Government,0-18
APT01893,PAT03069,ENT,OPD,2025-12-21,12,2026-01-04,17,Routine checkup,DR188,0,12,28,Government,0-18
APT01894,PAT04563,Gynecology,Specialist Clinic,2025-06-27,15,2025-07-02,16,Chronic disease management,DR157,0,23,28,Government,36-50
APT01895,PAT02719,Pediatrics,Specialist Clinic,2025-06-18,9,2025-06-29,17,Follow-up,DR162,0,19,37,Government,65+
APT01896,PAT06816,Gynecology,OPD,2025-03-12,16,2025-03-19,14,Follow-up,DR146,0,33,30,Corporate,51-65
APT01897,PAT06545,Cardiology,OPD,2025-09-28,11,2025-10-11,9,Chronic disease management,DR115,0,46,23,Private,36-50
APT01898,PAT06547,Ophthalmology,OPD,2025-05-15,12,2025-05-27,17,Chronic disease management,DR136,0,47,33,Self-pay,36-50
APT01899,PAT05720,Orthopedics,Wellness Center,2025-01-16,12,2025-01-25,9,Follow-up,DR142,0,11,24,Corporate,65+
APT01900,PAT04446,Pediatrics,Specialist Clinic,2025-07-04,13,2025-07-10,17,Chronic disease management,DR109,0,13,26,Government,19-35
APT01901,PAT08405,Pediatrics,Wellness Center,2025-08-17,15,2025-08-25,13,Acute illness,DR173,0,21,21,Private,0-18
APT01902,PAT05726,Ophthalmology,Emergency,2025-03-06,15,2025-03-10,16,Chronic disease management,DR104,0,11,25,Self-pay,36-50
APT01903,PAT06087,Gynecology,Wellness Center,2025-06-19,15,2025-06-25,13,Routine checkup,DR155,0,37,14,Government,65+
APT01904,PAT09004,ENT,OPD,2025-06-24,10,2025-07-07,14,Acute illness,DR175,0,24,20,Self-pay,19-35
APT01905,PAT01341,Ophthalmology,Wellness Center,2025-08-19,12,2025-08-26,10,Follow-up,DR199,0,19,25,Government,51-65
APT01906,PAT05637,Dermatology,Specialist Clinic,2025-07-23,9,2025-07-29,12,Acute illness,DR113,0,41,39,Self-pay,0-18
APT01907,PAT04942,Pediatrics,Specialist Clinic,2025-06-23,13,2025-06-28,14,Chronic disease management,DR143,0,33,39,Corporate,19-35
APT01908,PAT08924,Dermatology,Wellness Center,2025-03-04,14,2025-03-11,17,Routine checkup,DR171,1,60,0,Private,0-18
APT01909,PAT07838,Cardiology,OPD,2025-06-04,12,2025-06-17,12,Routine checkup,DR160,1,15,0,Private,36-50
APT01910,PAT02531,Pediatrics,Wellness Center,2025-12-15,17,2025-12-23,12,Follow-up,DR150,0,45,22,Self-pay,65+
APT01911,PAT07885,Cardiology,OPD,2025-12-16,16,2025-12-20,17,Chronic disease management,DR169,0,32,30,Self-pay,0-18
APT01912,PAT04226,Pediatrics,OPD,2025-01-18,9,2025-01-24,10,Acute illness,DR126,0,21,11,Government,51-65
APT01913,PAT04110,General Medicine,Emergency,2025-05-26,11,2025-05-27,15,Follow-up,DR163,0,47,11,Government,0-18
APT01914,PAT08332,Dermatology,Emergency,2025-12-07,18,2025-12-18,10,Chronic disease management,DR168,0,49,16,Private,36-50
APT01915,PAT07753,Cardiology,Wellness Center,2025-08-19,14,2025-08-28,15,Follow-up,DR195,0,27,38,Government,0-18
APT01916,PAT02518,Gynecology,Emergency,2025-10-06,12,2025-10-10,11,Preventive screening,DR155,0,28,25,Private,19-35
APT01917,PAT05221,Gynecology,Wellness Center,2025-07-31,18,2025-08-05,17,Follow-up,DR198,0,53,34,Government,51-65
APT01918,PAT08247,ENT,Specialist Clinic,2025-11-03,16,2025-11-17,10,Chronic disease management,DR160,0,38,36,Private,36-50
APT01919,PAT09625,Orthopedics,Wellness Center,2025-11-09,18,2025-11-19,10,Acute illness,DR132,0,34,36,Government,65+
APT01920,PAT06358,Pediatrics,Specialist Clinic,2025-11-12,14,2025-11-24,15,Acute illness,DR183,0,19,16,Private,0-18
APT01921,PAT01182,ENT,Wellness Center,2025-03-20,12,2025-03-31,15,Preventive screening,DR153,0,52,35,Self-pay,0-18
APT01922,PAT03390,Orthopedics,Emergency,2025-12-05,18,2025-12-14,11,Acute illness,DR149,0,45,25,Government,19-35
APT01923,PAT08962,Ophthalmology,Specialist Clinic,2025-01-27,8,2025-01-31,15,Routine checkup,DR126,0,42,23,Corporate,36-50
APT01924,PAT05007,Pediatrics,OPD,2025-12-28,12,2026-01-06,14,Acute illness,DR174,0,34,31,Private,51-65
APT01925,PAT08542,Pediatrics,Wellness Center,2025-12-06,16,2025-12-13,9,Routine checkup,DR145,0,31,12,Government,51-65
APT01926,PAT05278,Ophthalmology,Specialist Clinic,2025-11-23,17,2025-12-05,13,Follow-up,DR153,0,24,15,Corporate,0-18
APT01927,PAT08117,Cardiology,Specialist Clinic,2025-07-08,11,2025-07-15,13,Acute illness,DR122,0,12,11,Private,19-35
APT01928,PAT08469,ENT,OPD,2025-02-14,13,2025-02-25,11,Routine checkup,DR131,0,30,12,Self-pay,65+
APT01929,PAT07698,General Medicine,Specialist Clinic,2025-09-28,18,2025-10-04,10,Follow-up,DR128,0,30,38,Private,0-18
APT01930,PAT04041,Gynecology,Emergency,2025-10-06,17,2025-10-08,17,Preventive screening,DR154,0,36,32,Government,19-35
APT01931,PAT03111,General Medicine,Emergency,2025-09-08,11,2025-09-19,17,Routine checkup,DR100,0,35,11,Self-pay,51-65
APT01932,PAT02335,Pediatrics,Specialist Clinic,2025-01-23,13,2025-01-24,16,Acute illness,DR174,0,59,23,Private,65+
APT01933,PAT08750,Pediatrics,OPD,2025-11-03,10,2025-11-04,14,Chronic disease management,DR179,0,37,13,Self-pay,36-50
APT01934,PAT01102,Dermatology,Wellness Center,2025-04-21,15,2025-04-27,14,Routine checkup,DR128,1,12,0,Corporate,0-18
APT01935,PAT03292,Orthopedics,OPD,2025-01-06,14,2025-01-16,17,Chronic disease management,DR158,0,28,20,Government,51-65
APT01936,PAT03539,Ophthalmology,OPD,2025-02-26,12,2025-03-03,12,Routine checkup,DR178,0,18,24,Private,19-35
APT01937,PAT06757,ENT,Wellness Center,2025-02-14,8,2025-02-17,11,Follow-up,DR125,0,35,12,Corporate,36-50
APT01938,PAT03384,General Medicine,Specialist Clinic,2025-06-23,15,2025-07-02,14,Acute illness,DR143,0,19,23,Corporate,19-35
APT01939,PAT08750,Dermatology,OPD,2025-01-28,10,2025-02-08,16,Acute illness,DR114,0,10,10,Private,51-65
APT01940,PAT01044,General Medicine,Specialist Clinic,2025-10-09,15,2025-10-17,10,Routine checkup,DR122,0,15,32,Self-pay,51-65
APT01941,PAT04947,Dermatology,Specialist Clinic,2025-08-21,11,2025-09-04,12,Follow-up,DR102,0,50,37,Private,36-50
APT01942,PAT07858,Pediatrics,Specialist Clinic,2025-09-29,15,2025-10-04,9,Preventive screening,DR174,0,28,16,Government,0-18
APT01943,PAT05446,Dermatology,Emergency,2025-12-28,14,2026-01-06,13,Preventive screening,DR195,1,43,0,Private,36-50
APT01944,PAT01565,General Medicine,Specialist Clinic,2025-02-26,9,2025-03-08,10,Acute illness,DR190,1,29,0,Self-pay,36-50
APT01945,PAT07411,Dermatology,Specialist Clinic,2025-02-20,11,2025-02-21,12,Preventive screening,DR125,1,58,0,Government,0-18
APT01946,PAT04170,Pediatrics,Wellness Center,2025-06-11,8,2025-06-19,9,Chronic disease management,DR169,0,28,13,Corporate,36-50
APT01947,PAT03403,Ophthalmology,OPD,2025-04-30,15,2025-05-08,9,Acute illness,DR156,1,13,0,Self-pay,19-35
APT01948,PAT04669,Orthopedics,Emergency,2025-06-24,18,2025-07-06,16,Routine checkup,DR157,0,51,36,Private,51-65
APT01949,PAT08281,Ophthalmology,Specialist Clinic,2025-09-28,8,2025-09-30,14,Chronic disease management,DR112,0,41,40,Government,65+
APT01950,PAT06687,Cardiology,Specialist Clinic,2025-05-03,17,2025-05-04,10,Preventive screening,DR177,0,59,27,Government,19-35
APT01951,PAT07156,Ophthalmology,Specialist Clinic,2025-11-30,18,2025-12-02,16,Routine checkup,DR166,0,48,32,Private,36-50
APT01952,PAT05849,Pediatrics,Specialist Clinic,2025-01-23,10,2025-01-30,14,Chronic disease management,DR125,0,33,24,Self-pay,51-65
APT01953,PAT05275,Pediatrics,Wellness Center,2025-07-15,10,2025-07-29,9,Preventive screening,DR168,1,51,0,Private,51-65
APT01954,PAT03623,Orthopedics,Wellness Center,2025-03-17,8,2025-03-28,11,Preventive screening,DR194,0,14,13,Corporate,65+
APT01955,PAT04609,Cardiology,Wellness Center,2025-01-11,8,2025-01-23,10,Chronic disease management,DR135,1,46,0,Self-pay,65+
APT01956,PAT04216,Ophthalmology,Emergency,2025-02-04,15,2025-02-15,15,Follow-up,DR167,1,11,0,Private,65+
APT01957,PAT01815,Ophthalmology,OPD,2025-08-25,12,2025-09-02,16,Follow-up,DR189,0,34,26,Government,0-18
APT01958,PAT07573,Pediatrics,Specialist Clinic,2025-02-23,14,2025-03-05,9,Preventive screening,DR157,0,22,30,Private,65+
APT01959,PAT03740,Cardiology,Emergency,2025-07-05,8,2025-07-12,14,Routine checkup,DR126,0,33,22,Government,65+
APT01960,PAT03862,Gynecology,Specialist Clinic,2025-12-06,8,2025-12-14,9,Preventive screening,DR145,0,16,23,Corporate,36-50
APT01961,PAT09869,Ophthalmology,OPD,2025-09-26,16,2025-10-03,11,Routine checkup,DR162,0,56,25,Private,65+
APT01962,PAT04911,Ophthalmology,Specialist Clinic,2025-08-19,17,2025-08-24,14,Chronic disease management,DR139,0,23,27,Government,36-50
APT01963,PAT03907,Ophthalmology,Specialist Clinic,2025-07-17,10,2025-07-27,9,Routine checkup,DR178,0,22,11,Corporate,36-50
APT01964,PAT09042,Cardiology,OPD,2025-08-07,17,2025-08-18,10,Chronic disease management,DR153,0,47,28,Government,19-35
APT01965,PAT02250,General Medicine,Emergency,2025-07-09,16,2025-07-13,16,Chronic disease management,DR127,0,12,20,Corporate,65+
APT01966,PAT04857,Ophthalmology,Specialist Clinic,2025-03-09,13,2025-03-18,11,Preventive screening,DR188,0,20,11,Government,65+
APT01967,PAT09260,Ophthalmology,OPD,2025-12-12,9,2025-12-17,11,Chronic disease management,DR120,0,35,28,Government,36-50
APT01968,PAT03706,Ophthalmology,Emergency,2025-07-08,10,2025-07-10,12,Routine checkup,DR156,0,51,24,Corporate,36-50
APT01969,PAT05536,Dermatology,Wellness Center,2025-01-05,13,2025-01-18,9,Acute illness,DR141,0,40,32,Corporate,51-65
APT01970,PAT02215,Ophthalmology,Emergency,2025-10-16,18,2025-10-18,13,Follow-up,DR138,0,51,20,Government,36-50
APT01971,PAT06413,Cardiology,Wellness Center,2025-05-07,13,2025-05-16,9,Chronic disease management,DR118,1,39,0,Government,0-18
APT01972,PAT04081,General Medicine,Wellness Center,2025-11-13,17,2025-11-18,14,Preventive screening,DR182,0,32,23,Government,65+
APT01973,PAT07667,Dermatology,Wellness Center,2025-05-12,15,2025-05-16,9,Chronic disease management,DR168,0,30,20,Self-pay,51-65
APT01974,PAT05466,Gynecology,Specialist Clinic,2025-10-21,9,2025-11-03,9,Routine checkup,DR102,0,29,14,Corporate,65+
APT01975,PAT03461,Dermatology,OPD,2025-08-31,8,2025-09-05,10,Chronic disease management,DR109,0,42,27,Corporate,65+
APT01976,PAT03549,Cardiology,Emergency,2025-11-15,13,2025-11-26,16,Acute illness,DR126,0,43,19,Self-pay,0-18
APT01977,PAT04090,Ophthalmology,Specialist Clinic,2025-02-15,15,2025-02-21,14,Preventive screening,DR106,1,51,0,Self-pay,51-65
APT01978,PAT05946,Orthopedics,Specialist Clinic,2025-05-27,13,2025-06-10,13,Preventive screening,DR120,0,10,39,Government,0-18
APT01979,PAT03779,Gynecology,Emergency,2025-04-29,18,2025-05-05,12,Chronic disease management,DR136,0,10,25,Self-pay,51-65
APT01980,PAT07306,Gynecology,Wellness Center,2025-05-07,8,2025-05-18,14,Acute illness,DR160,0,53,11,Self-pay,51-65
APT01981,PAT09609,Dermatology,OPD,2025-01-26,8,2025-02-08,16,Chronic disease management,DR199,0,32,13,Corporate,19-35
APT01982,PAT02399,Cardiology,Emergency,2025-06-22,8,2025-06-25,11,Follow-up,DR137,0,50,13,Corporate,36-50
APT01983,PAT06528,ENT,Wellness Center,2025-07-24,12,2025-07-26,10,Chronic disease management,DR193,0,31,18,Self-pay,19-35
APT01984,PAT06892,Dermatology,OPD,2025-04-22,10,2025-05-03,17,Acute illness,DR176,0,14,20,Corporate,36-50
APT01985,PAT02620,Ophthalmology,Specialist Clinic,2025-10-10,15,2025-10-12,17,Follow-up,DR172,0,13,32,Private,19-35
APT01986,PAT02902,Orthopedics,OPD,2025-06-05,18,2025-06-15,13,Follow-up,DR173,0,47,39,Private,65+
APT01987,PAT02377,Cardiology,Emergency,2025-02-27,16,2025-03-04,14,Preventive screening,DR173,0,47,16,Self-pay,36-50
APT01988,PAT02977,Pediatrics,Emergency,2025-03-28,8,2025-04-04,10,Preventive screening,DR138,0,12,14,Self-pay,65+
APT01989,PAT08140,Gynecology,Wellness Center,2025-09-17,14,2025-09-28,14,Chronic disease management,DR138,0,44,12,Government,51-65
APT01990,PAT07317,Cardiology,Wellness Center,2025-04-06,18,2025-04-19,14,Chronic disease management,DR113,0,36,19,Private,65+
APT01991,PAT02862,Dermatology,OPD,2025-03-05,9,2025-03-11,10,Follow-up,DR107,0,43,20,Government,19-35
APT01992,PAT09742,ENT,Emergency,2025-02-22,11,2025-02-28,13,Follow-up,DR169,0,26,39,Self-pay,19-35
APT01993,PAT07439,Gynecology,Wellness Center,2025-03-17,9,2025-03-29,12,Follow-up,DR101,0,18,20,Government,36-50
APT01994,PAT01644,ENT,Wellness Center,2025-03-23,15,2025-03-27,15,Routine checkup,DR139,0,59,14,Government,65+
APT01995,PAT08696,ENT,Specialist Clinic,2025-10-02,8,2025-10-10,17,Preventive screening,DR162,0,18,12,Self-pay,51-65
APT01996,PAT01848,Orthopedics,OPD,2025-11-29,11,2025-12-05,12,Routine checkup,DR147,0,14,10,Corporate,19-35
APT01997,PAT03253,Ophthalmology,Specialist Clinic,2025-05-26,12,2025-06-08,11,Preventive screening,DR144,0,28,38,Self-pay,51-65
APT01998,PAT08952,Dermatology,Wellness Center,2025-12-08,11,2025-12-17,17,Acute illness,DR189,0,21,17,Self-pay,65+
APT01999,PAT04140,Dermatology,Emergency,2025-03-28,15,2025-04-10,17,Preventive screening,DR166,0,11,25,Self-pay,36-50
APT02000,PAT08481,Dermatology,Emergency,2025-04-03,9,2025-04-14,17,Chronic disease management,DR177,0,33,28,Government,0-18